hour,B(t)
0,24.6219
1,24.64475714285714
2,23.9932
3,24.027500000000003
4,23.238785714285715
5,22.655785714285713
6,22.3243
7,21.855642857142858
8,23.17018571428571
9,27.03378571428572
10,25.86785714285714
11,26.165042857142858
12,29.377100000000002
13,26.965185714285717
14,27.262385714285717
15,26.610842857142853
16,28.519785714285717
17,29.605700000000002
18,26.953757142857143
19,26.668
20,25.547785714285713
21,25.250585714285712
22,24.2218
23,22.6787
