hour,B(t)
0,7.2159648549
1,7.222663620614286
2,7.0317111171999995
3,7.041763452500001
4,6.81061416807143
5,6.639753775071428
6,6.542604925300002
7,6.405255107785714
8,6.790509497471429
9,7.922818613071428
10,7.581118760714285
11,7.668215275185715
12,8.609576074100001
13,7.902713942471428
14,7.989814643671429
15,7.798866326985715
16,8.35832211907143
17,8.6765721047
18,7.899364559614286
19,7.815617428000001
20,7.487315107071429
21,7.40021440587143
22,7.0987071478
23,6.6464692877000005
