hour,B(t)
0,50.33828571428571
1,50.15251428571429
2,50.081100000000006
3,50.13824285714286
4,50.13825714285714
5,50.13824285714286
6,49.552414285714285
7,31.991871428571432
8,23.90461428571428
9,23.547400000000003
10,23.83317142857143
11,23.604542857142857
12,24.661928571428568
13,23.39022857142857
14,23.2902
15,25.061957142857135
16,24.261828571428573
17,27.905400000000004
18,51.26702857142857
19,50.95267142857143
20,50.88127142857143
21,50.609771428571435
22,50.25255714285714
23,50.1811
