hour,B(t)
0,209.92115483870967
1,201.64214516129033
2,205.22025161290324
3,203.6812483870968
4,201.68407419354838
5,218.4744129032258
6,278.4311548387097
7,335.6841322580645
8,323.07524193548386
9,309.9920903225807
10,297.01044375000004
11,291.537509375
12,295.3695
13,305.0943612903226
14,308.31433548387093
15,311.94406129032257
16,317.8032612903226
17,313.1539806451613
18,314.98014516129035
19,304.8181875
20,309.684765625
21,317.192471875
22,300.576759375
23,239.98179032258062
