hour,B(t)
0,68.67588231109333
1,65.43193411868
2,66.00353198185334
3,64.96390852381
4,64.68836805412667
5,71.01992278329334
6,91.06398923120334
7,132.21421338483
8,115.91631722538666
9,103.27924236693872
10,99.26178882746333
11,96.84348709457335
12,96.02077427576
13,95.33583511095
14,95.29967894168
15,96.29631474544334
16,96.01197921504999
17,94.60692455020333
18,95.74718761274333
19,97.18741958972001
20,102.83207939360334
21,105.40476018335667
22,100.51442019592
23,74.85500983625667
