hour,B(t)
0,234.33189333333334
1,223.26308
2,225.21345333333332
3,221.66611
4,220.72592666666665
5,242.33009333333334
6,310.7233033333333
7,451.13372999999996
8,395.52298666666667
9,352.40348709677414
10,338.6953633333333
11,330.44377333333335
12,327.63656
13,325.29945000000004
14,325.17608
15,328.5767433333333
16,327.60655
17,322.8123033333333
18,326.7030433333333
19,331.61732
20,350.87770333333333
21,359.65605666666664
22,342.96952
23,255.41595666666666
