hour,B(t)
0,142.53465714285716
1,140.7486
2,135.07607142857142
3,128.8606
4,132.94708571428572
5,129.53928571428574
6,130.23228571428572
7,131.8183
8,131.8040142857143
9,132.7041857142857
10,130.97528571428572
11,129.48925714285716
12,132.4327
13,136.0548142857143
14,136.18342857142855
15,136.96215714285714
16,135.28324285714285
17,137.5837
18,142.8061285714286
19,146.4997
20,146.54257142857142
21,144.8494142857143
22,142.35605714285717
23,141.14865714285713
