hour,B(t)
0,41.7727745035143
1,41.2493329506
2,39.586879329642855
3,37.7653049026
4,38.96293535737143
5,37.964208003571436
6,38.16730620657143
7,38.6321209993
8,38.62793427072858
9,38.89174841147143
10,38.385057959571434
11,37.949546080114295
12,38.812183821699996
13,39.87372047752857
14,39.911413594857144
15,40.13963635601429
16,39.64759526738572
17,40.3217925427
18,41.85233490655715
19,42.93481357870001
20,42.94737795114286
21,42.45116269412858
22,41.72043202291429
23,41.366578097514285
