hour,B(t)
0,112.84845
1,108.56429
2,103.76335333333333
3,101.17287
4,99.18580666666666
5,97.00205
6,95.07501666666667
7,93.46803333333334
8,96.42527666666666
9,100.81612
10,106.05046
11,111.63154
12,115.66897333333333
13,115.26890333333334
14,117.17594000000001
15,119.37637666666666
16,120.41323666666668
17,120.83332333333333
18,121.52345
19,117.89274999999999
20,116.81921000000001
21,117.64269666666668
22,115.60897333333334
23,115.36559333333334
