hour,B(t)
0,75.07256129032258
1,71.28150967741935
2,67.54529677419355
3,65.48037419354839
4,64.09624193548387
5,62.415280645161296
6,62.21521935483871
7,60.43747096774194
8,61.62156451612903
9,64.40596451612903
10,67.69048387096775
11,72.91406774193548
12,77.30846774193549
13,79.77991612903226
14,81.68350000000001
15,81.98356774193549
16,81.6254258064516
17,82.7579
18,82.6966064516129
19,82.38686774193549
20,83.00957419354839
21,81.26084516129033
22,80.05739032258064
23,79.10237096774193
