hour,B(t)
0,33.07260808995
1,31.817045034590006
2,30.410029724753333
3,29.650834183769998
4,29.06848354560667
5,28.42848779555
6,27.86373020951667
7,27.392769997033334
8,28.25945225797667
9,29.546281104520002
10,31.08031436266
11,32.71596705934
12,33.899221683773334
13,33.781972768803335
14,34.34086991174
15,34.98575408607667
16,35.28962768313667
17,35.412742902623336
18,35.61499901495001
19,34.55094613525
20,34.23632269391
21,34.47766275479667
22,33.88163742377334
23,33.81030980379334
