hour,B(t)
0,148.60868333333335
1,140.29540666666665
2,131.50372000000002
3,125.03579666666666
4,120.69829666666666
5,119.83813666666667
6,118.8846
7,122.64699999999999
8,122.76562903225806
9,130.94860333333332
10,135.76285
11,141.07888999999997
12,144.79084193548385
13,150.53072333333333
14,150.68241
15,152.55611333333334
16,154.42479999999998
17,157.02864333333335
18,155.67358709677418
19,163.96831333333333
20,159.4775483870968
21,164.05498333333333
22,161.93958666666668
23,157.21033666666665
