hour,B(t)
0,43.55289543318334
1,41.11651512720667
2,38.53992672412001
3,36.64436596489667
4,35.37317050239667
5,35.12108255103667
6,34.841628606600004
7,35.94427893700001
8,35.9790456661129
9,38.37723812750334
10,39.78815421235001
11,41.346131371190005
12,42.4339968368742
13,44.116189618023334
14,44.16064458111
15,44.709772690713336
16,45.2574305608
17,46.02054153034333
18,45.62341384403871
19,48.05435755691334
20,46.73824458335484
21,48.07975802048334
22,47.45979660398667
23,46.07379057723667
