hour,B(t)
0,152.64719677419356
1,146.22015161290324
2,140.28190967741935
3,135.94075161290323
4,133.9694
5,135.15835161290323
6,134.4307806451613
7,131.8966696969697
8,139.59467741935484
9,134.47916774193547
10,134.23396451612902
11,136.41850937499999
12,147.81562258064517
13,148.597425
14,150.78071290322583
15,155.12509677419354
16,154.9766806451613
17,153.504628125
18,168.12599677419354
19,167.93396875
20,170.3732064516129
21,167.29478125
22,167.0628806451613
23,163.3799193548387
