hour,B(t)
0,70.60162857142858
1,61.12438571428571
2,55.46984285714286
3,54.40251428571428
4,53.0561
5,54.53852857142858
6,58.89351428571429
7,60.119014285714286
8,75.58774285714286
9,88.15615714285715
10,102.56435714285713
11,108.20244285714286
12,110.93252857142856
13,106.75474285714287
14,109.28637142857144
15,110.09811428571427
16,106.9145
17,102.26958571428572
18,97.27605714285714
19,91.30862857142857
20,92.58458571428572
21,85.6906857142857
22,80.51324285714284
23,74.5681
