hour,B(t)
0,49.09518571428571
1,48.595114285714274
2,48.123557142857145
3,48.39505714285714
4,48.12357142857143
5,48.52364285714286
6,69.8992
7,74.24289999999999
8,71.49951428571428
9,70.62792857142857
10,71.19945714285713
11,71.22802857142858
12,71.68525714285714
13,72.74261428571428
14,73.41417142857144
15,73.44275714285713
16,73.69992857142857
17,76.24327142857143
18,77.77217142857144
19,76.77194285714286
20,76.30044285714284
21,76.22900000000001
22,56.61094285714286
23,50.381142857142855
