hour,B(t)
0,46.78315400007143
1,46.7630535162
2,46.38115688282857
3,46.22035719858572
4,46.30075494734286
5,45.73795814585714
6,45.13494781644285
7,44.54198563560001
8,44.3208928732
9,44.903790158557136
10,45.76809840484286
11,46.200248341257144
12,46.632406651128576
13,46.3811526961
14,46.5118037479
15,46.71281277334286
16,46.65251132172858
17,47.00425932265715
18,46.60225383195715
19,46.350999876928576
20,45.73794977240001
21,45.70780113995715
22,45.185192746028584
23,45.21534975192858
