hour,B(t)
0,159.63078571428568
1,159.56220000000002
2,158.2591142857143
3,157.71044285714288
4,157.9847714285714
5,156.06442857142858
6,154.00687142857143
7,151.9836
8,151.2292
9,153.21812857142854
10,156.16727142857144
11,157.64182857142856
12,159.11641428571426
13,158.2591
14,158.70489999999998
15,159.39077142857144
16,159.18501428571426
17,160.38522857142857
18,159.01352857142857
19,158.15621428571427
20,156.0644
21,155.96152857142857
22,154.1783142857143
23,154.28121428571427
