hour,B(t)
0,89.64585714285714
1,88.1026857142857
2,87.55974285714285
3,87.6168857142857
4,85.84512857142856
5,85.0164
6,95.0754857142857
7,94.50394285714286
8,111.16432857142857
9,121.9378
10,123.96675714285713
11,128.19617142857143
12,139.28404285714285
13,143.5134142857143
14,143.7991857142857
15,136.59778571428575
16,142.59894285714284
17,116.05095714285714
18,107.8208
19,110.02121428571431
20,110.82138571428571
21,101.50528571428572
22,100.44795714285713
23,98.47614285714285
