hour,B(t)
0,35.921214285714285
1,36.00691428571428
2,35.94977142857143
3,35.84977142857143
4,35.86405714285714
5,35.84977142857143
6,35.74975714285714
7,31.82042857142857
8,19.675242857142855
9,16.117385714285714
10,15.874485714285713
11,16.017371428571426
12,16.017385714285716
13,15.960228571428573
14,15.8745
15,15.931657142857143
16,16.074542857142855
17,23.87604285714286
18,36.0498
19,35.92121428571428
20,35.82118571428571
21,35.72117142857143
22,35.6783
23,35.706871428571425
