hour,B(t)
0,89.1372
1,91.98345714285713
2,90.56605714285715
3,87.04537142857143
4,86.59957142857142
5,85.8337
6,84.4506
7,83.41037142857144
8,83.27319999999999
9,86.4623857142857
10,88.47420000000001
11,93.85810000000001
12,94.22391428571429
13,96.46434285714284
14,96.91012857142857
15,97.71029999999999
16,96.78438571428572
17,99.33345714285714
18,101.85965714285715
19,98.38471428571428
20,98.8305
21,97.52740000000001
22,96.72722857142857
23,93.60664285714287
