hour,B(t)
0,379.2731857142857
1,366.4707142857143
2,353.78254285714286
3,347.6099428571428
4,350.1247
5,420.65261428571426
6,469.11910000000006
7,463.8609428571429
8,469.6906428571429
9,474.1486428571429
10,480.8928
11,493.12374285714276
12,497.4674428571428
13,502.4969571428572
14,497.12449999999995
15,492.6664857142856
16,498.15325714285706
17,490.3803571428572
18,502.496957142857
19,498.03895714285716
20,495.75281428571424
21,484.55064285714286
22,477.12061428571434
23,425.45354285714296
