hour,B(t)
0,3.1146
1,3.0381714285714283
2,3.070457142857143
3,3.0295857142857145
4,2.9934428571428566
5,3.0608857142857144
6,2.9412714285714285
7,2.4936285714285717
8,2.0850999999999997
9,3.018871428571429
10,3.3315142857142854
11,3.905614285714285
12,4.378414285714285
13,4.779642857142856
14,5.107542857142856
15,5.184985714285715
16,4.444714285714286
17,5.458057142857143
18,6.410499999999999
19,6.3835
20,5.638671428571429
21,4.834785714285715
22,3.051442857142857
23,2.9254000000000002
