hour,B(t)
0,100.43081428571428
1,95.91564285714286
2,92.72644285714286
3,91.52622857142858
4,90.44031428571428
5,88.38275714285713
6,87.38828571428571
7,85.82228571428571
8,87.26254285714286
9,92.0635
10,94.0067142857143
11,98.4647142857143
12,99.48205714285714
13,101.9168
14,99.63067142857143
15,101.63104285714284
16,98.25895714285714
17,101.07092857142857
18,100.2364857142857
19,100.27077142857142
20,96.00709999999997
21,95.20694285714286
22,94.2582
23,93.65237142857143
