hour,B(t)
0,40.79288324155715
1,39.07809551345714
2,38.06890133822857
3,37.04503686608572
4,36.96756982732858
5,37.6480471955
6,37.27326381397143
7,37.64176291591429
8,37.645953831214285
9,38.475080997314286
10,38.35783166367143
11,39.60362624392857
12,40.830576358885715
13,41.76439685964285
14,41.42101812912857
15,41.15720398838572
16,40.97086107312857
17,41.3393643618
18,42.1308025973
19,41.65552516987143
20,42.80919078791429
21,41.668093729042866
22,41.36448891995714
23,40.77613632727143
