hour,B(t)
0,139.19112857142858
1,133.34002857142858
2,129.8965142857143
3,126.40294285714286
4,126.13861428571428
5,128.4605
6,127.18168571428573
7,128.43905714285714
8,128.45335714285716
9,131.28245714285714
10,130.88238571428573
11,135.1332142857143
12,139.31974285714287
13,142.50607142857143
14,141.3344142857143
15,140.43424285714283
16,139.79841428571427
17,141.0558
18,143.7563
19,142.13458571428572
20,146.07105714285714
21,142.17747142857144
22,141.14152857142858
23,139.13398571428573
