hour,B(t)
0,469.1905285714286
1,467.1187142857143
2,464.46104285714284
3,434.6410285714286
4,431.82617142857146
5,461.7034
6,462.1320285714286
7,467.1044142857143
8,482.65028571428564
9,503.9115142857142
10,522.7437285714286
11,529.7450571428573
12,535.2461571428572
13,538.7325142857143
14,542.6190285714285
15,540.8615285714285
16,537.460857142857
17,531.1739285714285
18,519.2716285714286
19,504.3116
20,495.1526857142857
21,492.3235714285715
22,485.50797142857147
23,480.52131428571425
