hour,B(t)
0,37.50674214876033
1,38.18323636363636
2,37.71603884297521
3,39.35668512396695
4,40.54402561983471
5,40.79497520661157
6,44.69424462809917
7,47.969590909090904
8,49.698513223140495
9,51.727994214876034
10,50.718213223140495
11,49.27297933884297
12,47.4785867768595
13,47.000471074380165
14,47.130414049586776
15,47.43295454545454
16,46.76935537190082
17,44.71606280991736
18,44.27366694214876
19,44.92636033057851
20,45.7708275
21,37.26019
22,35.22979416666667
23,36.41303083333333
