hour,B(t)
0,23.417633333333335
1,23.529759782608696
2,24.68172065217391
3,24.9002347826087
4,24.48341793478261
5,24.28185760869565
6,33.065075
7,32.45386413043478
8,34.32140163043478
9,36.881029347826086
10,37.303065760869565
11,38.12365706521739
12,37.700323913043476
13,37.9468875
14,38.43415380434782
15,38.42436956521739
16,38.104741847826084
17,35.73297771739131
18,33.46232608695652
19,33.08309836065574
20,33.81832950819672
21,26.26342732240437
22,23.153973770491802
23,23.287118579234974
