hour,B(t)
0,136.32566451612902
1,140.72048
2,141.05122
3,138.94948000000002
4,140.11237
5,139.06683333333334
6,130.995284375
7,136.2224129032258
8,139.18557096774194
9,150.01294666666666
10,147.03836875
11,150.6665
12,147.548471875
13,151.91577096774193
14,158.83598333333333
15,153.07211612903225
16,156.20080666666667
17,143.5331606060606
18,145.2680375
19,142.827559375
20,149.61820333333333
21,146.04418333333334
22,138.1427870967742
23,138.24603548387097
