hour,B(t)
0,134.7253516129032
1,134.42594193548388
2,135.89202258064515
3,133.06568124999998
4,136.61474838709677
5,133.765815625
6,134.31591875
7,138.41123225806453
8,135.156071875
9,129.7414
10,136.48053548387097
11,134.515965625
12,134.816009375
13,127.9588
14,132.04972121212123
15,131.13802727272727
16,132.75561875
17,131.8354375
18,130.71521875
19,125.15357058823531
20,130.205128125
21,130.435175
22,132.23712258064518
23,128.5581484848485
