hour,B(t)
0,111.6787
1,110.63562857142855
2,109.3068
3,108.40662857142857
4,108.03512857142857
5,106.89208571428571
6,105.74898571428572
7,103.76288571428572
8,102.94844285714287
9,101.6053142857143
10,101.34812857142856
11,101.23381428571427
12,100.83374285714287
13,103.29135714285715
14,103.23421428571429
15,103.67715714285715
16,104.2487
17,107.62075714285713
18,109.50684285714286
19,111.23577142857141
20,113.67907142857143
21,114.05057142857142
22,113.97914285714286
23,113.56475714285713
