hour,B(t)
0,83.31608571428572
1,80.28692857142856
2,76.61479999999999
3,75.50030000000001
4,74.68584285714287
5,74.97158571428572
6,75.28597142857141
7,72.14248571428571
8,73.8714142857143
9,76.74338571428572
10,76.50047142857143
11,80.34407142857143
12,82.7731
13,83.85904285714287
14,83.84474285714285
15,84.63062857142857
16,82.55878571428572
17,82.17301428571429
18,83.93047142857142
19,82.61594285714287
20,81.53001428571429
21,80.22977142857142
22,80.54411428571429
23,81.02991428571428
