hour,B(t)
0,223.3431
1,227.34387142857142
2,214.4128142857143
3,227.72967142857144
4,214.9700714285714
5,252.99167142857144
6,304.78738571428573
7,486.69392857142867
8,438.65607142857135
9,391.3755142857143
10,352.68235714285714
11,343.10908571428575
12,332.56417142857146
13,332.0355
14,330.6923857142857
15,335.8791
16,338.6796428571428
17,348.6387285714286
18,365.3419285714286
19,377.15851428571426
20,385.10288571428566
21,389.57518571428574
22,365.5276857142857
23,265.7369857142857
