hour,B(t)
0,5.107768778280543
1,4.746406306306306
2,4.700898206278027
3,4.242069058295964
4,4.404899549549549
5,3.9455995515695066
6,4.010185650224215
7,3.5029238738738737
8,3.8518569506726457
9,4.137276576576577
10,5.025287837837838
11,5.606012556053811
12,7.148910762331839
13,7.802400896860987
14,9.194598206278027
15,9.559181333333333
16,9.958426457399103
17,9.395085201793721
18,8.712348
19,7.702923660714285
20,7.305480995475112
21,6.339507207207207
22,5.898432882882883
23,5.383020720720721
