hour,B(t)
0,78.25794285714285
1,76.04325714285713
2,71.54237142857141
3,69.68488571428571
4,69.78488571428572
5,68.47037142857143
6,68.5703857142857
7,66.7843
8,70.14208571428571
9,73.47134285714286
10,77.54352857142858
11,80.81558571428572
12,85.38789999999999
13,86.37381428571429
14,87.2311142857143
15,88.60281428571429
16,85.97374285714287
17,84.4877142857143
18,86.83104285714285
19,85.30217142857143
20,85.0592714285714
21,84.91641428571428
22,84.08764285714287
23,85.2736
