hour,B(t)
0,50.393069999999994
1,50.3864
2,50.46308333333333
3,50.19636666666667
4,50.17302666666667
5,50.16968
6,48.86943333333333
7,28.488836666666668
8,23.604553333333335
9,23.67123666666667
10,23.791256666666666
11,23.404516666666666
12,24.07131
13,23.05778666666667
14,23.47785
15,24.684763333333333
16,24.014633333333332
17,23.88793666666667
18,23.261163333333332
19,24.25468
20,44.09851666666667
21,50.81981
22,50.36305666666667
23,50.5431
