hour,B(t)
0,46.83327878787879
1,45.8059
2,49.01590967741935
3,49.01915161290322
4,46.787821212121216
5,47.74046875
6,48.12804375
7,34.816084375
8,24.189040625
9,23.389360606060606
10,24.295016129032255
11,23.304496875
12,23.94211875
13,23.498077419354836
14,23.410970967741935
15,24.543448387096774
16,23.767084375
17,25.992112903225806
18,44.027858064516124
19,50.561367741935484
20,49.890287096774195
21,49.806396774193544
22,48.021765625
23,49.12884516129033
