hour,B(t)
0,14.76874741797
1,14.7667926344
2,14.789266295583333
3,14.711099375366667
4,14.704259098226666
5,14.70327828728
6,14.322213696433334
7,8.349251850736668
8,6.917810049953334
9,6.9373530011366675
10,6.972527382556667
11,6.859185104016668
12,7.05460289301
13,6.757568596186667
14,6.880676977350001
15,7.234388274863334
16,7.037992605633334
17,7.000861486836667
18,6.817172399263334
19,7.108343322280001
20,12.923996378016666
21,14.893812536510001
22,14.759951380356666
23,14.812716860100002
