hour,B(t)
0,9.3618
1,9.336071428571428
2,9.336085714285716
3,9.301771428571428
4,9.233228571428572
5,9.224657142857144
6,9.353228571428573
7,7.792942857142856
8,6.7041571428571425
9,6.987071428571428
10,7.467142857142858
11,7.338571428571429
12,7.852957142857143
13,8.2473
14,7.750071428571429
15,8.032971428571427
16,7.595757142857143
17,10.664900000000001
18,10.862114285714284
19,10.210528571428572
20,10.244842857142856
21,10.099100000000002
22,9.558985714285715
23,9.610414285714285
