hour,B(t)
0,9.447542857142858
1,9.353228571428572
2,9.258942857142857
3,9.276071428571429
4,9.2075
5,9.2075
6,9.430385714285714
7,7.9215285714285715
8,6.601271428571429
9,7.072785714285714
10,7.149957142857143
11,7.304257142857142
12,7.578614285714286
13,7.758628571428571
14,7.578614285714287
15,7.707185714285713
16,7.604328571428572
17,10.562028571428572
18,10.879257142857142
19,10.2191
20,10.29627142857143
21,10.562042857142856
22,9.859042857142857
23,9.713285714285716
