hour,B(t)
0,50.552614285714284
1,50.4669
2,50.50974285714286
3,50.55262857142858
4,50.53834285714286
5,50.5669
6,50.023957142857135
7,28.819842857142856
8,23.275928571428572
9,24.3904
10,23.275928571428572
11,23.490242857142853
12,25.34775714285714
13,23.275928571428572
14,23.790314285714285
15,26.019299999999998
16,25.633514285714288
17,28.948414285714282
18,52.41011428571429
19,53.1388
20,52.45297142857142
21,51.49565714285715
22,51.02414285714285
23,50.66692857142857
