hour,B(t)
0,53.09594285714285
1,52.49584285714286
2,51.69567142857143
3,50.83838571428572
4,48.895157142857144
5,46.780457142857145
6,46.437542857142866
7,46.52325714285714
8,43.351214285714285
9,43.408385714285714
10,46.52325714285713
11,48.838
12,50.80978571428572
13,52.181514285714286
14,52.753042857142866
15,51.95288571428572
16,52.381542857142854
17,53.638928571428565
18,55.6393
19,56.29658571428571
20,57.66827142857143
21,53.75322857142857
22,50.324014285714284
23,51.86714285714286
