hour,B(t)
0,3.329214285714286
1,3.3435
2,2.900528571428571
3,3.3292142857142855
4,2.7148000000000003
5,3.172042857142857
6,2.443314285714286
7,2.5719285714285713
8,2.114671428571429
9,2.4576
10,3.1291714285714285
11,2.486185714285714
12,4.658028571428572
13,4.129371428571429
14,5.386742857142857
15,5.115242857142857
16,4.929542857142857
17,4.3151
18,4.115057142857142
19,3.9579
20,3.043442857142857
21,3.6149714285714274
22,2.700528571428571
23,3.386357142857143
