hour,B(t)
0,39.45078971742857
1,39.04878422672857
2,39.67272401227143
3,40.041227300942865
4,40.853611739485714
5,39.2707227083
6,40.78242060685715
7,41.35192454751429
8,41.05042147617143
9,39.77740897347143
10,38.45833408302858
11,38.88127740331429
12,37.81345228117143
13,37.3444549466
14,36.26406545201429
15,35.296746935957145
16,34.85705251465715
17,37.55383324245714
18,38.58815197584287
19,39.630848353100006
20,38.66771237888572
21,39.66435055512858
22,38.14427082597143
23,37.8804524985
