hour,B(t)
0,69.91349999999998
1,69.99921428571429
2,68.3989142857143
3,67.4130142857143
4,65.34118571428571
5,65.44120000000001
6,65.184
7,63.66942857142856
8,62.62638571428572
9,64.98397142857144
10,68.38464285714285
11,71.47089999999999
12,77.30061428571427
13,76.60048571428571
14,78.61517142857143
15,80.2154857142857
16,77.52922857142858
17,75.27167142857142
18,77.54354285714285
19,74.67152857142857
20,75.92894285714286
21,74.60012857142858
22,74.85728571428571
23,73.58564285714286
