hour,B(t)
0,159.04784285714285
1,158.53345714285715
2,158.15622857142858
3,158.1562142857143
4,157.50468571428573
5,158.01905714285718
6,157.81330000000003
7,157.9504857142857
8,164.02021428571427
9,167.2093857142857
10,172.35324285714282
11,174.65084285714283
12,175.64532857142856
13,176.63981428571427
14,176.39975714285714
15,175.6796
16,172.97052857142856
17,169.81562857142856
18,165.4947857142857
19,162.82
20,160.9682
21,158.70489999999998
22,158.43057142857143
23,157.74471428571428
