hour,B(t)
0,467.40450000000004
1,463.50372857142855
2,463.91808571428567
3,462.33207142857145
4,461.01755714285713
5,459.77445714285716
6,459.13147142857144
7,460.98897142857146
8,470.6479571428572
9,492.8951142857143
10,507.4407857142857
11,514.9279428571429
12,523.6725
13,524.0725571428571
14,527.0445714285714
15,522.6437
16,521.9721428571429
17,511.91307142857147
18,505.5975571428571
19,494.7383142857143
20,488.19419999999997
21,482.8931714285714
22,477.19210000000004
23,473.5342285714286
