hour,B(t)
0,384.30024375
1,367.4382948369566
2,356.8123320652174
3,338.75885217391306
4,347.34094184782606
5,413.72331739130436
6,476.3636644021739
7,480.3492179347826
8,487.5353875
9,500.29002581521735
10,509.0286614130435
11,526.5668307065217
12,542.8417119565217
13,547.1273201086957
14,545.2421763586957
15,547.8535494565218
16,548.5167171195652
17,549.8995961956522
18,547.5861078804348
19,546.6163567934783
20,543.681001902174
21,528.5150339673913
22,509.1091160326087
23,436.4603108695652
