hour,B(t)
0,14.4595663051
1,14.409313002057145
2,14.279507669428574
3,14.32974422555714
4,14.359068072471432
5,14.4260682898
6,19.371549306771424
7,21.29362196644286
8,23.88990027488572
9,25.46440747547143
10,26.49035693844286
11,26.561552257800003
12,27.034736320942862
13,27.105927453571432
14,26.787677467942864
15,26.578294985357143
16,25.778479105985713
17,24.04065181055714
18,23.3203921475
19,22.43681657632857
20,21.58256485207143
21,21.2266343093
22,16.37745642292857
23,14.694064972385716
