hour,B(t)
0,49.3381
1,49.166628571428575
2,48.72371428571429
3,48.89512857142857
4,48.99518571428572
5,49.2238
6,66.09848571428572
7,72.65687142857142
8,81.51574285714285
9,86.88818571428571
10,90.38887142857142
11,90.6318
12,92.24637142857144
13,92.48928571428571
14,91.40337142857143
15,90.68892857142855
16,87.95984285714285
17,82.03012857142858
18,79.5725
19,76.5576142857143
20,73.64278571428572
21,72.42830000000001
22,55.882214285714284
23,50.13824285714286
