hour,B(t)
0,27.411
1,26.679442857142856
2,27.31957142857143
3,28.8513
4,28.096871428571433
5,26.336514285714287
6,36.05265714285714
7,71.21372857142856
8,77.75214285714286
9,77.79784285714287
10,76.15182857142857
11,73.65990000000001
12,69.31624285714285
13,68.40174285714285
14,67.99027142857143
15,66.57284285714286
16,66.29851428571429
17,62.36632857142858
18,64.6982
19,42.13382857142857
20,32.669157142857145
21,31.43462857142857
22,29.468557142857144
23,28.32547142857143
