hour,B(t)
0,83.60612666666667
1,81.02562666666667
2,80.68223666666667
3,80.80559333333333
4,80.02544666666667
5,98.50902333333333
6,110.63801
7,110.16126
8,115.66232666666666
9,116.47247666666667
10,116.29578
11,122.31027333333333
12,120.03648666666666
13,116.81586999999999
14,113.85863333333333
15,112.79176666666667
16,110.09457333333333
17,105.73040666666667
18,105.14028666666667
19,108.84100333333332
20,112.62173666666666
21,114.20203666666666
22,114.24537333333333
23,95.43508
