hour,B(t)
0,415.2957
1,411.1702000000001
2,409.8063714285714
3,410.3283142857143
4,410.3103142857143
5,413.59952857142855
6,428.74989999999997
7,417.5081428571429
8,448.2284857142857
9,475.52562857142857
10,488.0366
11,481.20441428571434
12,487.3781857142857
13,483.5103285714286
14,483.95138571428566
15,475.4556142857142
16,469.16368571428575
17,452.7817999999999
18,456.9903428571428
19,446.2101142857142
20,435.92941428571424
21,426.93852857142855
22,413.6994142857142
23,410.8789857142857
