hour,B(t)
0,57.49682857142857
1,54.66769999999999
2,53.0388
3,52.61015714285714
4,50.58118571428571
5,48.69511428571429
6,46.809042857142856
7,47.78065714285714
8,46.52327142857143
9,46.151757142857136
10,48.866585714285726
11,55.38211428571429
12,58.86849999999999
13,60.668857142857135
14,62.49777142857142
15,62.41207142857142
16,64.58388571428571
17,70.32784285714285
18,71.64242857142858
19,68.84184285714285
20,66.67001428571429
21,66.98437142857144
22,61.5833142857143
23,59.26858571428571
