hour,B(t)
0,34.4718023117
1,33.4877285079
2,32.83028652032858
3,32.2859029511
4,31.804341244085716
5,31.913212933857146
6,31.720594112471435
7,31.06314793817143
8,31.515394171728577
9,31.90902620528572
10,31.86715473284286
11,32.50365889082857
12,33.2406696549
13,33.625915671128574
14,33.805982680257145
15,33.66360878845715
16,33.885547270028574
17,34.42992665252858
18,35.522876332828574
19,35.59406327872858
20,35.078995182957144
21,35.18368433088572
22,34.785865568757146
23,34.739807367742856
