hour,B(t)
0,83.24464285714285
1,80.60128571428572
2,75.67172857142857
3,74.0
4,72.49971428571429
5,72.5426
6,71.09944285714286
7,69.51341428571428
8,71.32802857142858
9,74.82872857142857
10,79.64394285714286
11,86.80247142857145
12,87.67408571428572
13,88.3599
14,91.30331428571428
15,95.71845714285713
16,92.70360000000001
17,93.23227142857142
18,94.21817142857144
19,92.66075714285714
20,92.07488571428573
21,92.18921428571427
22,90.57461428571428
23,91.18901428571428
