hour,B(t)
0,41.756642857142865
1,40.590700000000005
2,41.20795714285714
3,42.63108571428571
4,46.08318571428571
5,44.27141428571429
6,42.53391428571429
7,45.86027142857143
8,51.204171428571435
9,46.59755714285715
10,44.700042857142854
11,43.9799
12,44.03134285714285
13,41.385128571428574
14,40.06487142857143
15,39.882
16,39.87627142857143
17,37.49294285714286
18,34.73241428571429
19,34.85815714285714
20,35.023900000000005
21,37.23007142857143
22,39.25901428571428
23,40.16202857142857
