hour,B(t)
0,35.94581965311429
1,35.451685200200004
2,34.60580274635714
3,34.04467644957143
4,33.40817229158572
5,33.295101313057145
6,32.834481622357146
7,32.12678214501429
8,32.1477199746
9,32.23565802151429
10,32.3612808123
11,33.40817229158572
12,33.466794865042864
13,33.97348113021429
14,34.70211843714286
15,34.82774122792857
16,35.112489011528574
17,36.07143825717143
18,36.5069459499
19,35.91650417965714
20,35.89137543477143
21,36.11750064491429
22,35.64431239504286
23,35.32605403595714
