hour,B(t)
0,20.563971428571428
1,18.83792857142857
2,19.15225714285714
3,19.15225714285714
4,18.872214285714282
5,26.970928571428573
6,53.741814285714284
7,59.61722857142856
8,54.53624285714285
9,52.964514285714294
10,50.186814285714284
11,48.203585714285715
12,43.97991428571429
13,43.4884
14,42.76251428571429
15,44.03135714285714
16,44.81435714285714
17,45.72882857142857
18,56.656642857142856
19,59.8687
20,60.33164285714286
21,61.92624285714286
22,62.66924285714286
23,34.73812857142857
