hour,B(t)
0,39.43045714285714
1,39.95057142857143
2,38.99611428571428
3,40.74501428571428
4,46.146071428571425
5,41.09935714285715
6,43.44267142857143
7,44.23137142857143
8,50.59834285714287
9,44.51715714285714
10,44.9344
11,45.70025714285714
12,44.357142857142854
13,40.67642857142857
14,40.51638571428572
15,41.385128571428574
16,41.01932857142857
17,37.43580000000001
18,33.49791428571429
19,35.08678571428571
20,34.78957142857143
21,37.24147142857144
22,37.92731428571428
23,39.94485714285714
