hour,B(t)
0,408.09018571428567
1,409.78007142857143
2,407.6664
3,407.4990571428571
4,408.6182857142857
5,410.10642857142864
6,420.4572857142858
7,433.9280285714285
8,440.98897142857146
9,468.0164571428572
10,476.4860857142857
11,468.4224
12,458.5030714285714
13,463.6973142857143
14,456.4265
15,451.2359285714285
16,434.5788571428571
17,421.83182857142856
18,429.1656857142857
19,417.42652857142855
20,410.0474
21,411.9532
22,405.9016142857142
23,404.2717285714285
