hour,B(t)
0,85.88269008264463
1,83.1987041322314
2,79.65256115702479
3,78.44571487603307
4,76.73464297520661
5,76.11221239669422
6,75.38065619834711
7,73.57535537190083
8,74.38625785123966
9,76.7470388429752
10,79.90302479338843
11,84.2336090909091
12,88.01863884297521
13,89.46851074380166
14,90.95308512396694
15,91.81275867768595
16,90.77784628099174
17,90.56458099173554
18,90.6480694214876
19,89.93069
20,89.47976999999999
21,88.63210333333333
22,87.842785
23,87.00012749999999
