hour,B(t)
0,113.08610439560438
1,108.6946
2,103.53866098901099
3,100.37101758241758
4,98.53
5,97.62158681318681
6,96.62249010989011
7,95.21397582417582
8,96.44278626373627
9,100.2182445054945
10,104.52511703296703
11,109.74095549450549
12,113.30043461538462
13,115.3233543956044
14,117.33857307692307
15,119.00648351648351
16,119.51042857142858
17,118.58661978021979
18,117.35121758241759
19,117.49410384615383
20,118.55804340659341
21,118.28271538461539
22,116.7390153846154
23,115.33379340659341
