hour,B(t)
0,26.65658571428571
1,26.9309
2,26.519399999999997
3,25.90212857142857
4,25.764985714285718
5,25.30774285714286
6,35.20678571428571
7,73.17982857142859
8,79.76395714285715
9,80.79274285714284
10,76.90625714285716
11,76.19754285714285
12,73.59134285714286
13,72.4254
14,71.62524285714287
15,71.73954285714287
16,70.34501428571427
17,66.0699
18,67.37302857142858
19,41.35655714285714
20,30.38301428571429
21,28.897
22,27.75392857142857
23,27.54817142857143
