hour,B(t)
0,411.2640714285714
1,410.8231285714285
2,410.01525714285714
3,414.3041142857143
4,411.98164285714284
5,415.6291999999999
6,417.0870428571429
7,406.35368571428575
8,397.46871428571427
9,401.1242571428571
10,408.30707142857136
11,411.0538857142857
12,410.61754285714284
13,409.01852857142865
14,411.76689999999996
15,414.7754857142857
16,410.1044285714286
17,410.0007
18,422.6597
19,421.2129857142857
20,419.89234285714286
21,418.00509999999997
22,416.1610142857143
23,416.2839
