hour,B(t)
0,105.96331428571429
1,104.36298571428571
2,102.69122857142858
3,101.64815714285714
4,99.86212857142856
5,100.27649999999998
6,99.54777142857142
7,98.11894285714287
8,99.69065714285713
9,99.20485714285714
10,99.61924285714285
11,101.90535714285716
12,102.51978571428572
13,102.69122857142858
14,102.41978571428571
15,102.21972857142858
16,102.33404285714285
17,104.39158571428571
18,107.72078571428571
19,109.664
20,108.7209857142857
21,108.821
22,107.74937142857142
23,108.52094285714284
