hour,B(t)
0,18.226357142857143
1,18.243514285714287
2,18.312099999999997
3,18.363542857142857
4,18.62072857142857
5,18.655014285714287
6,32.2005
7,41.013600000000004
8,45.437328571428566
9,49.98107142857143
10,51.85
11,51.97002857142858
12,49.603857142857144
13,50.221100000000014
14,51.76425714285715
15,51.52422857142858
16,48.67797142857143
17,44.66575714285714
18,46.29465714285715
19,47.63205714285714
20,50.049657142857136
21,26.302242857142854
22,19.0151
23,19.255142857142857
