hour,B(t)
0,156.75025714285715
1,156.9902857142857
2,155.6186142857143
3,155.8929285714286
4,155.89294285714286
5,154.6584142857143
6,154.2126285714286
7,156.5444857142857
8,159.83655714285715
9,162.3742
10,164.43174285714286
11,167.68948571428572
12,168.1696142857143
13,171.9074571428571
14,178.76591428571427
15,173.8964
16,170.7072
17,166.90077142857146
18,164.77462857142856
19,163.1972142857143
20,162.54564285714287
21,160.35092857142857
22,160.6595714285714
23,159.35647142857144
