hour,B(t)
0,8.46872029008
1,8.487467369768808
2,8.377859624899065
3,8.457781608542454
4,8.146174340325455
5,8.145185444372643
6,7.813521285604674
7,8.059128699225242
8,8.83785156433868
9,9.269468285321699
10,9.632503903966038
11,9.459224973376923
12,8.849547717477066
13,9.10783780404
14,8.812545218311008
15,8.980543410525472
16,8.848760000785186
17,9.111855667892382
18,8.80988138967838
19,8.915551523086364
20,8.818812608110282
21,8.754376977237383
22,8.686873961197197
23,8.680738916964486
