hour,B(t)
0,89.61727142857141
1,86.53098571428572
2,81.25852857142857
3,80.64414285714285
4,76.50045714285714
5,75.65745714285715
6,75.04304285714285
7,73.05697142857143
8,74.78587142857143
9,80.17262857142858
10,82.13012857142859
11,85.94517142857141
12,89.54585714285714
13,89.56015714285715
14,92.23208571428573
15,94.94690000000001
16,89.88877142857145
17,87.45975714285714
18,86.27378571428572
19,84.35914285714284
20,85.20215714285713
21,85.7594
22,84.45915714285715
23,83.88762857142856
