hour,B(t)
0,46.36895333333334
1,45.35210333333334
2,45.09871
3,45.11205333333333
4,45.94554
5,46.9524
6,75.60790999999999
7,83.00601
8,91.03424
9,98.24895666666666
10,102.30641
11,103.98006000000001
12,105.03025666666667
13,104.94024666666668
14,104.37014333333333
15,102.24640666666666
16,99.96596
17,94.86163333333334
18,88.69711333333333
19,85.48649333333333
20,85.75656666666667
21,85.36314666666667
22,58.45460333333334
23,49.71627333333333
