hour,B(t)
0,51.68496964285714
1,51.1170125
2,50.65976785714286
3,50.447232142857146
4,51.10629642857143
5,51.540308928571434
6,73.3480875
7,77.22919285714285
8,80.81380714285714
9,83.90012678571429
10,88.08485714285715
11,89.42083214285715
12,90.90861785714286
13,90.65856428571429
14,90.79787857142857
15,89.65836785714285
16,87.80641754385965
17,83.5476947368421
18,77.44651929824562
19,77.19346785714286
20,78.29546428571429
21,79.81183392857143
22,59.84905535714286
23,52.831624999999995
