hour,B(t)
0,13.589395522353334
1,13.291386276003333
2,13.21712403841
3,13.221034582453335
4,13.465305353340002
5,13.760386820399999
6,22.15848579161
7,24.32665435671
8,26.67949575104
9,28.793919979256668
10,29.983041885110005
11,30.47354016426
12,30.78132235155667
13,30.75494303084667
14,30.587862276843335
15,29.96545664820667
16,29.29712386316
17,27.801193742633338
18,25.994551701713338
19,25.053612087693335
20,25.13276274956667
21,25.01746275674667
22,17.131349053503335
23,14.570397942073333
