hour,B(t)
0,92.70358571428572
1,90.37172857142856
2,88.23415714285714
3,86.78245714285715
4,86.00517142857143
5,84.1648
6,82.94172857142858
7,80.91845714285715
8,81.93582857142857
9,84.43915714285716
10,90.92041428571429
11,93.9724142857143
12,99.29917142857143
13,99.40204285714285
14,100.55654285714287
15,102.53407142857145
16,101.63101428571429
17,103.02558571428571
18,105.80325714285716
19,102.35118571428572
20,99.32202857142856
21,97.32165714285713
22,94.4867857142857
23,95.10407142857143
