hour,B(t)
0,10.686453999603334
1,10.676683012463334
2,10.653229517236667
3,10.617076278676668
4,10.590695981063334
5,10.581901897256667
6,10.595584405343335
7,8.317984105746667
8,4.905002329566667
9,4.810225121973334
10,4.867874141480001
11,4.88937089933
12,4.905982163610001
13,4.893279489566667
14,5.04765854643
15,5.09064913142
16,4.993921047870001
17,4.961674445740001
18,5.002709270256667
19,5.466835067020001
20,10.532072012030001
21,10.734331055066667
22,10.67179654199
23,10.687429926033333
