hour,B(t)
0,36.463703333333335
1,36.43036333333334
2,36.350336666666664
3,36.22697666666667
4,36.136963333333334
5,36.10695666666666
6,36.153643333333335
7,28.382146666666664
8,16.736566666666665
9,16.413173333333333
10,16.60988
11,16.68323
12,16.73991
13,16.696566666666666
14,17.223329999999997
15,17.37002
16,17.03997
17,16.92994
18,17.069956666666666
19,18.65362
20,35.93693
21,36.627066666666664
22,36.413689999999995
23,36.46703333333333
