hour,B(t)
0,71.74955714285713
1,61.76191428571429
2,59.35387142857143
3,55.52442857142857
4,50.2581
5,48.9793
6,56.60848571428572
7,66.07804285714286
8,81.40641428571429
9,97.75485714285715
10,114.37637142857145
11,122.10427142857142
12,127.85711428571429
13,120.82660000000001
14,123.97720000000001
15,122.64294285714284
16,120.52327142857143
17,116.22368571428571
18,108.88145714285714
19,105.81584285714288
20,102.00295714285714
21,97.63784285714287
22,88.49637142857145
23,81.82535714285714
