hour,B(t)
0,23.088600000000003
1,22.305428571428568
2,21.138671428571428
3,20.601699999999997
4,20.715414285714285
5,20.299914285714284
6,20.204614285714285
7,18.765757142857144
8,19.90725714285714
9,24.70377142857143
10,31.02657142857143
11,36.03508571428572
12,38.00018571428571
13,38.940528571428565
14,39.45545714285714
15,36.62505714285714
16,36.26985714285714
17,31.4755
18,29.537999999999993
19,27.499300000000005
20,23.421114285714285
21,22.890700000000002
22,24.454571428571427
23,24.5762
