hour,B(t)
0,6.766599090600001
1,6.537074256857143
2,6.195131574242858
3,6.037760820700001
4,6.071087180128572
5,5.949316179628572
6,5.921386513328572
7,5.499699211614287
8,5.834239758114286
9,7.239958996342858
10,9.09298831514286
11,10.560838605371432
12,11.136752427471432
13,11.412339648957143
14,11.563250280314287
15,10.733742121914284
16,10.629643302714287
17,9.2245562605
18,8.656731198000001
19,8.0592473503
20,6.864049384828573
21,6.7086003397
22,7.166925703142858
23,7.202571510200001
