hour,B(t)
0,408.7106
1,407.78125714285716
2,405.7704571428572
3,408.0355714285714
4,406.3017
5,410.9165857142857
6,425.40938571428575
7,439.3855
8,446.2544
9,481.2324428571428
10,485.21321428571434
11,487.16344285714285
12,482.48738571428567
13,485.2147857142857
14,478.8874285714286
15,466.6431857142857
16,453.15000000000003
17,442.4978142857143
18,447.4830857142857
19,437.2505285714286
20,432.7799428571428
21,420.7840571428572
22,414.5703
23,410.88187142857134
