hour,B(t)
0,41.67091428571429
1,43.59127142857143
2,43.81417142857142
3,44.61432857142857
4,45.8317
5,48.655114285714276
6,48.38078571428572
7,45.39732857142857
8,50.592614285714276
9,48.62654285714286
10,44.83721428571429
11,47.40345714285714
12,48.197871428571425
13,47.44917142857143
14,45.84882857142856
15,43.945614285714285
16,40.65927142857144
17,37.910171428571424
18,37.87588571428571
19,39.28185714285714
20,40.95075714285714
21,42.28245714285715
22,42.46532857142858
23,42.53964285714285
