hour,B(t)
0,65.69377267759563
1,64.35415434782608
2,64.1317195652174
3,63.35439945652174
4,63.73534076086957
5,64.5655
6,74.76659782608695
7,87.242925
8,99.8838391304348
9,104.57561684782608
10,109.07583097826087
11,114.00809021739131
12,109.16389619565219
13,107.97670760869565
14,111.4402027173913
15,112.10402336956521
16,113.16923260869565
17,114.0072179347826
18,109.15454130434783
19,106.19513661202186
20,96.20916775956283
21,79.0830213114754
22,72.08647595628415
23,68.45976775956285
