hour,B(t)
0,47.795995867768596
1,47.76790082644628
2,46.956161157024795
3,46.777618181818184
4,46.389111570247934
5,46.751173553719006
6,50.07247190082645
7,53.56735785123967
8,60.39347024793389
9,67.83458099173554
10,71.99736694214876
11,73.19925041322314
12,75.92208925619835
13,78.66146115702479
14,77.0297388429752
15,77.14546776859504
16,78.74577355371902
17,73.86053719008264
18,68.9075132231405
19,64.26573
20,62.56206833333333
21,57.18604166666667
22,51.314901666666664
23,48.6160475
