hour,B(t)
0,7.015215406628572
1,6.4951232365714295
2,6.515646580028571
3,6.590681129485715
4,6.530467599171429
5,5.903676651471429
6,5.384371586385716
7,5.609500355128572
8,6.301323757728572
9,8.169504847228572
10,8.567072405642858
11,9.9246735724
12,10.729052985914288
13,9.983384067157145
14,9.92173867567143
15,11.277907981257142
16,10.424288453014286
17,9.761981486842858
18,8.9056363983
19,8.107403102328574
20,8.405812181257142
21,6.782140227057144
22,6.180637119928572
23,5.6151524387
