hour,B(t)
0,107.64935714285714
1,105.04884285714286
2,101.5196
3,100.10502857142858
4,99.43348571428571
5,98.4332857142857
6,97.1616142857143
7,95.56131428571429
8,97.01872857142858
9,97.74747142857144
10,98.17609999999999
11,99.19058571428572
12,99.86214285714287
13,102.2483
14,102.46262857142855
15,103.04845714285716
16,103.92004285714286
17,106.87775714285715
18,109.29252857142858
19,107.90649999999998
20,108.17802857142858
21,108.72097142857142
22,106.9349
23,107.03494285714285
