hour,B(t)
0,118.43714285714286
1,116.57964285714284
2,113.19327142857142
3,109.564
4,108.07801428571429
5,107.37785714285714
6,106.73490000000001
7,105.3489
8,107.02065714285716
9,107.4636
10,107.12067142857141
11,109.60687142857144
12,109.79262857142855
13,110.19268571428572
14,109.63544285714285
15,110.79281428571429
16,111.83587142857141
17,114.35062857142854
18,116.93685714285714
19,117.2083142857143
20,116.10811428571428
21,115.37941428571428
22,115.2794
23,116.03667142857145
