hour,B(t)
0,461.9461644628099
1,459.58786115702475
2,457.31552644628096
3,454.91919173553714
4,454.715026446281
5,448.8626553719008
6,453.55033636363635
7,453.81071570247934
8,463.7109760330579
9,480.2926867768595
10,497.3976347107438
11,506.0480669421488
12,510.1050512396694
13,510.5018173553719
14,514.2397347107437
15,516.1417545454545
16,517.6875016528926
17,510.82750000000004
18,502.97061900826446
19,486.05280573770494
20,483.0548875
21,478.90075083333335
22,474.4940691666667
23,467.742765
