hour,B(t)
0,27.31957142857143
1,26.565128571428577
2,26.336514285714287
3,26.222214285714283
4,25.87927142857143
5,25.559242857142856
6,35.023900000000005
7,74.11718571428572
8,77.61498571428571
9,76.88340000000001
10,75.62602857142858
11,74.66582857142858
12,72.31108571428571
13,71.23658571428571
14,68.95042857142857
15,68.9276
16,66.57284285714286
17,66.71001428571428
18,70.48215714285713
19,41.15077142857143
20,28.62267142857143
21,27.63962857142857
22,27.090942857142856
23,26.588
