hour,B(t)
0,70.15225161290321
1,69.8215370967742
2,69.58439677419355
3,69.5053564516129
4,69.51019193548387
5,70.51844677419355
6,71.55574838709677
7,71.48475967741936
8,69.07785161290322
9,67.8502
10,66.5725306451613
11,66.73384838709677
12,66.79675806451614
13,67.02100645161289
14,66.89194193548387
15,66.8967806451613
16,66.62576935483871
17,66.60156774193548
18,67.14522258064517
19,69.5747193548387
20,70.65396129032258
21,70.40714032258064
22,69.69409838709677
23,70.48940483870967
