hour,B(t)
0,101.84299
1,98.36898
2,94.05482
3,91.1576
4,89.08718666666667
5,87.89029666666667
6,87.05012666666667
7,87.69359333333334
8,85.92992333333333
9,85.28979666666667
10,88.23704
11,91.33429333333333
12,93.86811333333334
13,96.96204666666667
14,98.24895666666666
15,98.46568
16,98.70237999999999
17,99.42585000000001
18,100.23267666666668
19,104.27011999999999
20,106.75393000000001
21,107.51408333333333
22,105.42367666666668
23,104.23011666666666
