hour,B(t)
0,102.25844516129033
1,96.95419838709677
2,92.67111129032259
3,88.62193870967742
4,86.59574354838709
5,84.99543387096774
6,84.44855
7,84.27432741935485
8,85.18902096774193
9,87.85727419354838
10,89.9028322580645
11,93.21637096774194
12,95.5265
13,97.84630322580645
14,98.94651612903226
15,99.71440483870967
16,100.36614193548387
17,100.85495
18,103.46351612903226
19,106.10596129032258
20,107.56914677419354
21,107.04968870967743
22,106.55120483870968
23,105.6478064516129
