hour,B(t)
0,110.03770666666667
1,106.89919
2,105.59478
3,105.71263666666667
4,104.81206333333333
5,114.51555666666667
6,136.00735
7,169.89487666666668
8,158.32296333333335
9,170.26663333333332
10,179.69173333333336
11,183.56125666666668
12,184.20398666666668
13,181.94657666666666
14,180.25287333333333
15,178.50142
16,172.80294333333333
17,164.92218666666668
18,163.31226
19,168.71572333333333
20,166.17560333333333
21,162.8876
22,153.40067333333334
23,111.87593
