hour,B(t)
0,4.583848149885715
1,4.529529533400001
2,4.502399532257143
3,4.539665603271429
4,4.443358285942858
5,4.374176783028571
6,4.229784888057144
7,4.158476527028571
8,4.308897311142858
9,4.808512191757144
10,5.491078737485715
11,6.0374593762428574
12,7.3365635714
13,8.49893758487143
14,8.823187152542857
15,8.677702521414286
16,8.728788983442858
17,8.301453784885714
18,6.330090769742858
19,6.0286756197
20,5.976709944671429
21,5.552753436071429
22,5.106280701214286
23,4.3256400387000005
