hour,B(t)
0,76.95180652173913
1,73.3113203804348
2,69.5651625
3,66.7935402173913
4,64.52875543478261
5,62.653392663043476
6,59.78979619565217
7,56.116693749999996
8,55.86947527173913
9,58.929416304347825
10,61.30769565217391
11,64.1830347826087
12,66.77592880434783
13,68.40472255434783
14,69.66757445652173
15,71.97606385869565
16,74.85205380434782
17,77.58845108695652
18,80.26157934782609
19,80.1637339673913
20,80.04500951086956
21,79.9869589673913
22,78.59886467391304
23,77.43907663043478
