hour,B(t)
0,32.086193333333334
1,33.967886666666665
2,33.79318666666667
3,34.43465333333334
4,37.033813333333335
5,37.265856666666664
6,37.86864333333333
7,39.110220000000005
8,43.112316666666665
9,40.97323333333334
10,40.91323666666666
11,39.77567
12,39.27824666666666
13,37.49523
14,36.351009999999995
15,35.742893333333335
16,33.938543333333335
17,28.8629
18,26.38909
19,26.522460000000002
20,29.312333333333335
21,29.953783333333334
22,28.496166666666667
23,30.880626666666668
