hour,B(t)
0,37.18532995378571
1,37.6275322255
2,37.8017336279
3,38.37793633427143
4,39.262340877700005
5,38.44493236487143
6,39.04793850755714
7,38.83354032414286
8,39.30254184544286
9,39.98594573688572
10,41.11156446022858
11,41.94236631775714
12,42.90717279667143
13,42.330970090300006
14,42.18357212421429
15,41.701168884757145
16,40.83015768602858
17,40.227151543342856
18,40.039552609514296
19,39.93234723771429
20,39.18193894221429
21,39.3159435636
22,38.43153483344285
23,38.57893698625714
