hour,B(t)
0,126.88164285714285
1,128.3905
2,128.9849
3,130.95098571428574
4,133.96869999999998
5,131.1795857142857
6,133.23712857142854
7,132.50557142857141
8,134.10587142857145
9,136.43774285714287
10,140.2785142857143
11,143.11332857142858
12,146.40538571428573
13,144.43929999999997
14,143.93635714285713
15,142.29032857142857
16,139.31831428571428
17,137.26077142857142
18,136.62065714285714
19,136.25485714285716
20,133.69435714285714
21,134.1516
22,131.1338714285714
23,131.63682857142857
