hour,B(t)
0,44.391442857142856
1,46.128899999999994
2,45.4259
3,39.72767142857143
4,41.62517142857143
5,44.08851428571428
6,42.0824
7,42.379599999999996
8,40.8193
9,41.653757142857145
10,38.73318571428572
11,37.841571428571434
12,38.133100000000006
13,39.956271428571426
14,36.6985
15,37.5501
16,36.70424285714286
17,37.25861428571428
18,40.52211428571428
19,40.807900000000004
20,40.65927142857142
21,42.934000000000005
22,41.859500000000004
23,42.791128571428565
