hour,B(t)
0,43.036899999999996
1,41.87092857142857
2,43.562671428571434
3,45.24301428571429
4,44.36284285714286
5,44.414300000000004
6,44.92867142857143
7,46.43181428571428
8,49.6553
9,46.3461
10,42.928285714285714
11,43.92274285714286
12,44.962942857142856
13,42.585385714285714
14,37.938771428571435
15,38.71031428571428
16,36.949999999999996
17,34.12658571428572
18,30.451599999999996
19,34.098
20,33.732228571428564
21,33.652185714285714
22,36.31557142857143
23,36.98428571428571
