hour,B(t)
0,12.612867319900001
1,12.271154907357143
2,12.766955678242857
3,13.25941543972857
4,13.001462718985715
5,13.0165433153
6,13.167290664242856
7,13.607818244528573
8,14.5525284263
9,13.5826978731
10,12.581035622571429
11,12.872482171885716
12,13.177334626085715
13,12.480541576671431
14,11.118753681342858
15,11.344870518028571
16,10.828973450000001
17,10.001512601871429
18,8.9244808636
19,9.993134958
20,9.885937959657143
21,9.862479719471429
22,10.643040834142857
23,10.83902159857143
