hour,B(t)
0,467.9903
1,465.71844285714286
2,466.6615
3,464.7897
4,465.14691428571433
5,464.1895857142857
6,464.07525714285714
7,463.5465857142857
8,463.6037428571429
9,466.0756428571428
10,471.46238571428574
11,472.56262857142855
12,474.2629571428571
13,473.79144285714284
14,475.3631571428571
15,480.26411428571424
16,483.8933857142857
17,483.2075428571428
18,485.8080142857143
19,482.5502571428572
20,483.25040000000007
21,480.94994285714284
22,476.26331428571433
23,474.4058428571429
