hour,B(t)
0,96.21285714285715
1,95.28695714285713
2,94.36108571428572
3,91.66340000000001
4,87.77691428571428
5,85.11357142857143
6,84.08481428571429
7,83.22748571428572
8,83.47894285714287
9,85.0907
10,88.59997142857142
11,89.92591428571427
12,89.83445714285713
13,92.54357142857143
14,92.29209999999999
15,93.49235714285713
16,92.48641428571429
17,95.59558571428572
18,96.91011428571429
19,99.7221
20,97.09301428571429
21,90.82897142857144
22,89.98308571428572
23,88.79427142857142
