hour,B(t)
0,5.259044836956522
1,5.243560597826087
2,5.057215489130435
3,4.9495720108695656
4,4.894638315217391
5,4.8095475543478265
6,4.718117663043478
7,4.329157880434783
8,4.0597875
9,4.904557065217391
10,6.279517391304347
11,7.3863195652173905
12,8.608059510869564
13,9.363035597826087
14,9.803272282608697
15,9.951341032608696
16,9.664039130434782
17,9.461358695652175
18,9.52384945652174
19,9.13946847826087
20,8.564388858695652
21,8.071313315217392
22,6.0848353260869565
23,5.4950192934782605
