hour,B(t)
0,5.395213592233009
1,4.548446601941747
2,4.717244230769231
3,4.017116346153847
4,4.422208737864078
5,3.6307941747572814
6,4.073861538461538
7,3.0666058252427186
8,3.824770192307692
9,3.540483495145631
10,4.820343689320389
11,5.3087864077669895
12,7.110020192307692
13,7.733526213592232
14,9.253707692307692
15,9.683602884615384
16,10.504914423076922
17,10.071843689320387
18,9.430123584905662
19,8.238949523809524
20,7.866902884615385
21,6.451716190476191
22,6.209764761904762
23,5.2372
