hour,B(t)
0,6.69140054945055
1,6.244608791208791
2,6.018737362637363
3,5.689008791208791
4,5.5703038461538465
5,5.454344505494506
6,5.316954395604395
7,4.9515
8,5.032285164835165
9,5.5582104395604395
10,6.557301098901099
11,7.875692307692308
12,8.641775824175825
13,9.964011538461538
14,10.966398901098902
15,11.644553846153846
16,11.816568131868133
17,11.261513186813188
18,10.456962637362638
19,9.733200549450551
20,8.875339010989011
21,8.046056593406593
22,7.473965934065934
23,6.861760989010989
