hour,B(t)
0,130.58234285714283
1,131.15387142857142
2,132.13977142857144
3,131.43964285714284
4,133.23999999999998
5,127.73892857142857
6,129.32495714285713
7,134.3402
8,135.0974857142857
9,129.5393
10,131.4253571428571
11,131.18247142857143
12,131.26818571428572
13,130.0251
14,129.23921428571427
15,123.52384285714287
16,120.13747142857144
17,129.09634285714287
18,130.71092857142858
19,131.55394285714286
20,127.89610000000002
21,129.53928571428574
22,127.68177142857144
23,125.36704285714286
