hour,B(t)
0,50.16697475728156
1,50.1844504854369
2,50.169495098039214
3,50.036853398058255
4,49.9416854368932
5,49.95236504854369
6,45.29514368932039
7,28.913345631067962
8,24.004633009708737
9,24.037648543689322
10,24.173596116504854
11,23.789056310679612
12,24.57270291262136
13,23.54823495145631
14,23.714276699029124
15,24.873731067961163
16,24.34547087378641
17,24.277494174757283
18,24.266225
19,27.949466666666666
20,42.65919326923077
21,50.62515576923077
22,50.232775
23,50.17988461538461
