hour,B(t)
0,93.67341359223302
1,91.68662427184465
2,89.09268137254901
3,87.79752427184467
4,86.7050786407767
5,86.39337087378641
6,85.81850097087379
7,85.81365145631068
8,84.35511359223301
9,83.26849417475728
10,84.39007475728155
11,86.3370504854369
12,87.50135533980583
13,88.74722330097087
14,89.08223689320388
15,89.0424281553398
16,88.98513106796115
17,89.44541553398058
18,90.6280625
19,94.86888285714286
20,95.53478365384616
21,96.32916634615384
22,94.98756057692307
23,94.5028528846154
