hour,B(t)
0,8.81686711207904
1,8.767432488157143
2,8.849754631503982
3,8.773565237549123
4,8.67402659193174
5,8.524556941533044
6,8.49073863650354
7,8.520031681775112
8,8.95081899875708
9,9.529423111170175
10,10.023822474280975
11,9.713595632212
12,9.317954055212555
13,9.36414032204386
14,9.401996929310917
15,9.483532858682745
16,9.383475552728948
17,9.469627677152214
18,9.271967789807361
19,9.207598246952633
20,9.116398342823112
21,8.936276714270177
22,8.96402213317378
23,8.846280394466229
