hour,B(t)
0,2.879528571428571
1,2.813100000000001
2,2.8332428571428574
3,2.889671428571429
4,2.8171000000000004
5,2.805814285714285
6,2.7956714285714286
7,2.348
8,2.7081142857142857
9,3.3499428571428576
10,4.0380714285714285
11,4.5818714285714295
12,4.678342857142857
13,5.40017142857143
14,5.805542857142858
15,6.632300000000001
16,6.103328571428571
17,5.162
18,7.765214285714285
19,7.434871428571428
20,6.812728571428572
21,6.167599999999999
22,4.266114285714286
23,3.6026857142857147
