hour,B(t)
0,22.04557520661157
1,21.91001818181818
2,21.80916694214876
3,21.695756198347105
4,21.43520909090909
5,22.6774347107438
6,57.43224049586777
7,69.59888264462809
8,70.2281008264463
9,65.95918099173554
10,62.40675537190083
11,60.0621694214876
12,58.28959669421487
13,57.09862066115703
14,56.3136694214876
15,55.68875950413223
16,55.92450661157025
17,55.59817107438017
18,61.420115702479336
19,64.9572
20,66.00039666666666
21,65.39228416666667
22,65.82837
23,36.263331666666666
