hour,B(t)
0,15.294450000000001
1,14.814693333333334
2,14.197836666666666
3,14.118223333333333
4,13.957126666666666
5,13.89971
6,13.95739
7,14.060743333333333
8,15.620446666666664
9,22.453733333333332
10,29.789076666666666
11,35.438340000000004
12,37.44022333333333
13,39.49144666666667
14,40.468473333333336
15,40.23788666666667
16,40.60167666666667
17,35.90716666666666
18,32.08136
19,27.257453333333334
20,22.408653333333334
21,19.058043333333334
22,17.067093333333332
23,15.65873
