hour,B(t)
0,4.48235975595
1,4.341756989893335
2,4.160974189736667
3,4.137641830523333
4,4.0904290693266665
5,4.07360190941
6,4.09050624469
7,4.120796109443334
8,4.577899925046667
9,6.5805380817333345
10,8.730314487776667
11,10.385949742140001
12,10.972643692523333
13,11.573797766046669
14,11.860135948273333
15,11.792557683286667
16,11.899173982376668
17,10.523349242166667
18,9.40211625656
19,7.988369105853334
20,6.567326441053335
21,5.585359817743334
22,5.001870110293334
23,4.589119659830001
