hour,B(t)
0,3.9865
1,3.857885714285714
2,3.514957142857143
3,3.9436142857142857
4,3.4863714285714282
5,3.815
6,3.2291999999999996
7,3.157742857142857
8,2.8005285714285715
9,2.9577142857142853
10,3.1434571428571436
11,3.7435714285714283
12,4.372271428571429
13,4.743771428571428
14,5.943985714285715
15,5.772557142857144
16,5.4439
17,5.358171428571429
18,4.7009
19,4.443714285714286
20,3.6864142857142856
21,3.7293000000000007
22,3.757871428571428
23,3.514942857142857
