hour,B(t)
0,143.6555857142857
1,135.19994285714284
2,134.5394
3,133.83984285714286
4,134.1013
5,143.39152857142855
6,155.8172285714286
7,221.48714285714283
8,217.2643428571429
9,223.6375857142857
10,211.51309999999998
11,211.4765142857143
12,206.56942857142857
13,200.76445714285714
14,197.5479714285714
15,191.9849
16,192.56744285714285
17,190.77165714285712
18,203.65787142857147
19,201.72677142857142
20,206.0089
21,205.86688571428573
22,192.2498142857143
23,141.76265714285714
