hour,B(t)
0,42.10128616087143
1,39.62318245308571
2,39.4295964974
3,39.22457658598572
4,39.3012020923
5,42.023898669957134
6,45.66551099465715
7,64.91145844428571
8,63.67387822548573
9,65.54169088287144
10,61.98835573010001
11,61.97763351822857
12,60.53950900085715
13,58.838240219314294
14,57.89558153454286
15,56.265206627900014
16,56.43593304558572
17,55.9096403305143
18,59.68621603744287
19,59.12026662934286
20,60.37523433190001
21,60.33361406317143
22,56.34284532252858
23,41.5465236915143
