hour,B(t)
0,107.36358571428572
1,105.93471428571429
2,105.0059857142857
3,103.43422857142856
4,102.0053857142857
5,100.90518571428571
6,99.09055714285714
7,98.97624285714286
8,98.63331428571429
9,98.11894285714287
10,98.80477142857141
11,99.7764
12,101.30527142857143
13,103.41997142857144
14,103.72002857142857
15,103.80575714285715
16,104.66304285714286
17,107.90654285714285
18,110.29272857142858
19,111.20718571428571
20,113.06467142857143
21,113.4076
22,112.75031428571428
23,111.6929857142857
