hour,B(t)
0,58.022614285714276
1,54.07899999999999
2,51.33562857142858
3,49.038028571428576
4,46.87761428571429
5,45.95171428571428
6,45.1287
7,41.0136
8,38.887499999999996
9,43.7913
10,46.4661
11,48.38647142857143
12,51.26702857142857
13,51.987171428571436
14,53.084528571428564
15,55.519299999999994
16,54.66197142857144
17,54.11330000000002
18,60.3202
19,59.70295714285714
20,60.080171428571425
21,60.080185714285726
22,58.02262857142858
23,55.62215714285714
