hour,B(t)
0,6.492355808985714
1,6.468905942257144
2,6.596211797928571
3,6.5560066434571445
4,6.311455640871429
5,5.942952352200001
6,5.490697745185715
7,6.194206307228572
8,6.988160766600002
9,7.256165822642858
10,8.361671501928573
11,9.0015292295
12,8.103722967914285
13,8.569375106357143
14,7.661512322742858
15,7.1054142869714285
16,7.5107691605285725
17,7.4136119373
18,6.582810079771429
19,6.217660360685715
20,6.003253803814287
21,6.033398249528573
22,6.120507324185715
23,6.1674070576428575
