hour,B(t)
0,1.1473143508
1,1.0830800259233333
2,1.0604178223966667
3,1.01316110055
4,1.0494354751233332
5,1.0351961321366667
6,0.96796955235
7,0.8819825209500001
8,0.6674770177266667
9,1.00793857533
10,1.36135289423
11,1.61583816637
12,1.7571335568900002
13,2.16385749069
14,2.529808410066667
15,2.6855375473366667
16,2.8307141748
17,2.803551377616667
18,2.8881267837
19,2.6146280419833334
20,2.50182696789
21,2.1489968371833337
22,1.4939538450833334
23,1.26379835046
