hour,B(t)
0,3.9148
1,3.6956233333333333
2,3.6182966666666667
3,3.45705
4,3.5808233333333335
5,3.532236666666667
6,3.30285
7,3.00945
8,2.2775266666666667
9,3.4392300000000002
10,4.64513
11,5.51347
12,5.995589999999999
13,7.38339
14,8.632066666666667
15,9.163436666666666
16,9.658800000000001
17,9.566116666666666
18,9.854700000000001
19,8.921483333333333
20,8.536589999999999
21,7.332683333333334
22,5.097583333333334
23,4.312259999999999
