hour,B(t)
0,4.18883870967742
1,4.085558064516129
2,4.360129032258064
3,5.058451612903226
4,4.984338709677419
5,5.058580645161291
6,4.734554838709677
7,4.310693548387096
8,4.1526387096774195
9,5.09798064516129
10,4.879748387096774
11,5.344645161290322
12,5.819767741935484
13,5.997096774193548
14,6.200487096774194
15,6.632693548387096
16,6.251664516129033
17,6.365964516129032
18,7.832806451612903
19,6.8717
20,5.980954838709677
21,5.7925387096774195
22,4.706806451612903
23,4.19638064516129
