hour,B(t)
0,349.0959142857143
1,343.7234714285714
2,341.43731428571425
3,332.74992857142854
4,337.77944285714284
5,400.5344285714286
6,438.82752857142856
7,430.826
8,422.25289999999995
9,434.4838428571428
10,441.7995285714286
11,467.06155714285717
12,469.11908571428575
13,462.9464857142857
14,467.4045
15,463.518
16,469.69062857142853
17,463.63232857142856
18,451.2870857142857
19,449.57248571428573
20,445.2288
21,438.94184285714283
22,439.85630000000003
23,394.59042857142856
