hour,B(t)
0,47.59775714285714
1,46.191757142857135
2,45.67738571428571
3,44.442885714285715
4,42.968285714285706
5,41.93952857142857
6,41.49371428571429
7,38.06447142857142
8,33.98371428571428
9,35.11535714285714
10,37.5158
11,39.33328571428571
12,40.36208571428572
13,42.69395714285714
14,43.7913
15,44.271385714285714
16,44.614314285714286
17,46.0889
18,52.3301
19,52.53582857142857
20,51.30132857142858
21,51.884299999999996
22,50.64978571428572
23,49.620999999999995
