hour,B(t)
0,92.51839864130434
1,89.46101467391306
2,86.90698695652173
3,84.90578614130435
4,83.75366277173913
5,83.1896945652174
6,82.80864375
7,82.48711331521739
8,82.47841630434782
9,83.31309402173913
10,83.89852989130435
11,85.64070923913043
12,87.6628402173913
13,88.91960597826088
14,89.36425842391306
15,89.76732336956522
16,90.20762744565218
17,91.33637717391305
18,93.90181766304349
19,95.83941766304349
20,96.60886195652174
21,96.65533614130435
22,95.43907065217391
23,94.55819048913044
