hour,B(t)
0,7.199209567157142
1,7.229362386328573
2,7.081968606971429
3,7.038418256371429
4,7.125510584114286
5,7.172410317571429
6,7.115462435542858
7,7.162366355728572
8,7.641411838871428
9,8.823970070785716
10,9.262827146371427
11,9.802186641314288
12,9.068525260100001
13,9.132184468028573
14,9.108730414571427
15,9.165678296600001
16,8.7938298118
17,8.756978226914287
18,7.942919096942859
19,7.802219896571429
20,7.768713507814286
21,7.835717911871429
22,7.624664924585716
23,7.527516074814287
