hour,B(t)
0,9.490385714285713
1,9.224642857142857
2,9.276085714285713
3,9.2075
4,9.258928571428571
5,9.19892857142857
6,9.2675
7,7.7415
8,6.1469
9,6.215485714285714
10,6.172628571428571
11,6.64417142857143
12,6.635571428571429
13,6.318342857142857
14,6.498385714285713
15,6.472657142857143
16,6.729842857142857
17,9.241814285714286
18,9.533271428571428
19,9.57612857142857
20,9.567542857142856
21,9.559
22,9.601857142857144
23,9.601857142857142
