hour,B(t)
0,23.971077419354838
1,23.274496875
2,24.13627741935484
3,22.489193939393942
4,22.63936875
5,22.556853125
6,22.977332258064518
7,22.899896774193547
8,22.564351612903227
9,27.742125806451615
10,29.827696774193548
11,27.695346875
12,26.550578787878788
13,26.3375875
14,26.19005625
15,27.74535625
16,28.10606451612903
17,27.1177375
18,27.17943870967742
19,25.989529032258062
20,25.359896875
21,24.191336363636367
22,24.289684375
23,23.762075
