hour,B(t)
0,7.829608120355882
1,7.80133021675
2,8.05627977007742
3,8.23805875953
4,7.641835483468751
5,7.315043279060607
6,7.054245612818182
7,7.658055620076667
8,8.160670980778125
9,8.880061699293549
10,9.430762906880647
11,9.096331836580001
12,8.543437512522582
13,8.403494219241937
14,8.168489121503029
15,8.142906687484848
16,8.520744363219356
17,8.523768666861292
18,8.091031344296969
19,8.77194326952
20,8.645562356729034
21,8.615298521722583
22,8.7555254321
23,8.600755613903335
