hour,B(t)
0,26.71573823529412
1,26.619249999999997
2,27.489174193548386
3,28.10943
4,26.07503125
5,24.959969696969697
6,24.070090909090908
7,26.130376666666667
8,27.845371874999998
9,30.300035483870968
10,32.1791064516129
11,31.03798
12,29.151425806451613
13,28.67391935483871
14,27.872048484848484
15,27.784757575757578
16,29.073993548387097
17,29.084312903225808
18,27.607751515151513
19,29.93112
20,29.499890322580644
21,29.396625806451613
22,29.8751
23,29.347003333333337
