hour,B(t)
0,19.786685714285714
1,20.301071428571426
2,20.169614285714285
3,20.426814285714283
4,20.386785714285715
5,20.1639
6,51.29558571428571
7,59.914414285714294
8,64.50388571428572
9,63.8466
10,58.091185714285714
11,55.55928571428571
12,56.14225714285714
13,54.53051428571428
14,54.119014285714286
15,54.86771428571428
16,54.83915714285714
17,52.16437142857143
18,56.43372857142857
19,56.67378571428571
20,56.76522857142857
21,58.148385714285716
22,58.99997142857143
23,35.59542857142857
