hour,B(t)
0,170.25092096774193
1,167.33035
2,165.5532387096774
3,163.08953387096776
4,161.53569193548387
5,158.47575322580644
6,156.39017741935484
7,156.4147
8,157.20453387096774
9,160.1922
10,162.55136935483873
11,165.77005483870965
12,168.6157693548387
13,170.90911129032258
14,174.22200806451613
15,175.76682258064517
16,179.60240161290324
17,179.8863258064516
18,179.90310483870968
19,179.9237564516129
20,178.26536451612904
21,177.8652935483871
22,175.49837741935485
23,173.4850935483871
