hour,B(t)
0,108.07798571428573
1,105.33462857142857
2,103.7200142857143
3,101.96252857142856
4,100.44794285714286
5,99.94784285714286
6,98.39042857142856
7,98.0332
8,99.57635714285713
9,95.58988571428571
10,99.57637142857142
11,100.24791428571429
12,101.01948571428571
13,102.5341
14,102.53407142857144
15,102.74840000000002
16,104.72021428571429
17,109.39252857142857
18,113.10754285714286
19,112.2788
20,111.02141428571427
21,111.26432857142858
22,109.73545714285713
23,109.07818571428571
