hour,B(t)
0,224.87194285714287
1,232.2448
2,214.41281428571432
3,228.1869142857143
4,215.0415
5,245.79029999999997
6,292.1706571428571
7,453.7732714285714
8,394.8476285714286
9,365.42768571428576
10,334.0502
11,327.83467142857137
12,324.3197142857143
13,321.1762285714285
14,323.0766285714286
15,330.4352
16,334.3645285714286
17,338.10810000000004
18,345.7095857142857
19,362.8843142857143
20,368.5425428571429
21,375.7439428571428
22,350.83912857142866
23,253.80612857142856
