hour,B(t)
0,23.997457336956522
1,24.09138940217391
2,24.46874456521739
3,24.597245108695653
4,24.50592445652174
5,24.3826375
6,32.45876277173913
7,34.4887152173913
8,36.51932635869565
9,38.99513152173913
10,39.38553206521739
11,39.829748097826084
12,39.46218288043478
13,39.61155570652174
14,40.11252065217391
15,40.27461875
16,39.77365108695653
17,37.60768614130435
18,35.905837228260864
19,36.138058423913044
20,36.859175
21,27.081203532608697
22,23.507902173913042
23,23.685330978260872
