hour,B(t)
0,61.04921428571429
1,56.406600000000005
2,54.055
3,50.9314142857143
4,46.26721428571428
5,45.3326
6,49.893328571428576
7,53.70737142857143
8,68.88947142857144
9,89.8099
10,108.17802857142858
11,114.5243857142857
12,115.42368571428572
13,113.10824285714286
14,117.45438571428573
15,117.12259999999999
16,113.293
17,107.43959999999997
18,99.8697
19,98.64691428571427
20,93.49661428571427
21,87.92985714285714
22,80.55997142857143
23,75.81662857142858
