hour,B(t)
0,19.409457142857143
1,19.649499999999996
2,20.02672857142857
3,20.969771428571427
4,20.558257142857144
5,20.695414285714286
6,36.8814
7,44.42572857142857
8,46.26034285714286
9,48.26645714285714
10,47.614914285714285
11,47.37487142857144
12,44.85437142857143
13,46.15748571428572
14,47.974971428571436
15,47.56345714285713
16,46.877600000000015
17,42.79682857142857
18,42.4196
19,42.77968571428571
20,43.20831428571429
21,24.27897142857143
22,19.56377142857143
23,19.289442857142856
