hour,B(t)
0,69.18389586776858
1,61.42020578512397
2,58.448989256198345
3,54.9450826446281
4,50.300200826446286
5,52.19030330578513
6,55.97964958677686
7,63.8480826446281
8,78.00996776859503
9,92.12021652892562
10,109.53719669421487
11,123.82176198347106
12,131.39860165289255
13,130.847552892562
14,132.57825950413223
15,133.9161785123967
16,132.25865041322314
17,128.68406198347108
18,121.74740495867768
19,115.63070247933885
20,111.08726166666666
21,100.8812925
22,91.87732333333334
23,83.509945
