hour,B(t)
0,55.07350000000001
1,53.324571428571424
2,50.443999999999996
3,49.2781
4,48.21501428571428
5,47.56344285714285
6,46.70615714285714
7,42.86541428571429
8,39.81338571428572
9,42.79685714285714
10,43.65412857142858
11,45.6774
12,46.63757142857143
13,47.32340000000001
14,47.80349999999999
15,49.82677142857143
16,48.38647142857143
17,47.8035
18,55.14207142857142
19,55.17635714285715
20,52.91305714285715
21,53.29027142857143
22,53.22168571428573
23,52.91307142857143
