hour,B(t)
0,20.632367741935482
1,20.746585483870966
2,22.080388709677422
3,22.3514
4,21.72225161290323
5,21.5460935483871
6,31.65901129032258
7,30.406501612903224
8,31.73063064516129
9,33.894924193548384
10,34.405988709677416
11,35.222920967741935
12,34.870604838709674
13,34.97900806451613
14,35.751412903225805
15,36.00501129032258
16,35.59073709677419
17,33.48064838709678
18,31.2428
19,30.834332258064514
20,31.178917741935486
21,23.78975322580645
22,20.8065935483871
23,20.52203064516129
