hour,B(t)
0,19.431739999999998
1,19.73181
2,19.843836666666668
3,19.7118
4,19.639796666666665
5,19.587776666666667
6,29.085613333333335
7,30.797933333333333
8,33.12239
9,35.52684333333333
10,36.41902
11,36.723076666666664
12,36.51103666666666
13,37.13916
14,37.383206666666666
15,37.91132
16,37.3032
17,35.570863333333335
18,34.330619999999996
19,34.50664666666667
20,36.05095333333334
21,24.116653333333332
22,19.44775333333333
23,19.299719999999997
