hour,B(t)
0,6.046748646496775
1,6.080222554343549
2,6.471121599533872
3,6.5505471494
4,6.3661620024451615
5,6.314535182319355
6,9.27833809786613
7,8.91126383419516
8,9.299327653808065
9,9.93361932832742
10,10.083397517133871
11,10.322816670937096
12,10.219563030685485
13,10.251332872475807
14,10.477702330961291
15,10.55202466386613
16,10.43061291168871
17,9.81220710345484
18,9.1563586388
19,9.036648589203226
20,9.137636601546776
21,6.972086767640323
22,6.0978091778193555
23,6.014412043208065
