hour,B(t)
0,36.364157142857145
1,36.24982857142857
2,36.121228571428574
3,35.94978571428571
4,36.02122857142857
5,35.935514285714284
6,35.9212
7,32.84917142857143
8,21.075471428571426
9,16.131685714285712
10,16.103114285714284
11,16.1174
12,16.23172857142857
13,16.203114285714285
14,16.303171428571428
15,16.403185714285716
16,16.331742857142856
17,26.019314285714284
18,36.37844285714285
19,36.39272857142857
20,36.5499
21,36.13552857142857
22,36.078385714285716
23,35.99264285714286
