hour,B(t)
0,63.7176
1,57.65598571428571
2,53.71951428571428
3,50.069514285714284
4,47.14967142857142
5,44.6569
6,48.843271428571434
7,54.84830000000001
8,67.14597142857143
9,86.17877142857142
10,100.8706142857143
11,113.77737142857143
12,116.39971428571428
13,114.95188571428571
14,117.51724285714286
15,118.37655714285714
16,116.38061428571429
17,108.65927142857143
18,101.26068571428571
19,101.74705714285717
20,99.23785714285714
21,88.12971428571427
22,78.38199999999999
23,74.91744285714286
