hour,B(t)
0,93.50377142857143
1,92.7035857142857
2,92.38924285714286
3,91.87488571428571
4,91.64625714285715
5,91.13188571428573
6,89.04577142857143
7,92.50357142857145
8,126.3101
9,138.94108571428572
10,139.7984142857143
11,149.28594285714286
12,152.71518571428572
13,154.11544285714285
14,155.65858571428572
15,151.14345714285716
16,154.31549999999996
17,147.7428
18,118.82291428571428
19,99.33344285714283
20,100.30507142857142
21,96.81868571428572
22,97.1901857142857
23,95.47557142857143
