hour,B(t)
0,4.9799880338571425
1,4.644731556771428
2,4.525342804828572
3,4.547289636
4,4.552690515857143
5,4.592556545314286
6,4.551601966428572
7,4.526896081128572
8,5.294306681357143
9,6.535738690442858
10,8.134918282500001
11,9.928022955257143
12,10.2551111249
13,9.6141648479
14,9.99431142872857
15,9.196459125057144
16,9.1869552512
17,9.57098711614286
18,7.492050297085716
19,6.840423675499999
20,6.482060643428571
21,5.9515393325
22,5.9984013854
23,6.200653869228573
