hour,B(t)
0,16.992428571428572
1,15.848485714285713
2,15.441114285714287
3,15.516
4,15.534428571428569
5,15.67045714285714
6,15.530714285714284
7,15.446414285714283
8,18.06492857142857
9,22.300871428571423
10,27.7575
11,33.87582857142858
12,34.9919
13,32.804899999999996
14,34.10201428571428
15,31.379628571428576
16,31.347200000000004
17,32.65757142857142
18,25.563942857142855
19,23.3405
20,22.11771428571429
21,20.3075
22,20.4674
23,21.15751428571429
