hour,B(t)
0,17.146142857142856
1,17.231885714285717
2,17.5405
3,17.437628571428572
4,17.832014285714283
5,17.59195714285714
6,17.797714285714285
7,16.168857142857142
8,15.02002857142857
9,15.51727142857143
10,15.500114285714286
11,15.414385714285714
12,15.431557142857145
13,15.328657142857143
14,15.174328571428573
15,15.1915
16,14.882871428571429
17,15.088614285714286
18,16.66605714285714
19,16.8204
20,16.64892857142857
21,16.700357142857143
22,16.88897142857143
23,17.077585714285714
