hour,B(t)
0,5.025037233285715
1,5.050165978171429
2,5.1406118755
3,5.110463243057143
4,5.226046258728572
5,5.155692471814286
6,5.215993923428572
7,4.738623131714286
8,4.4019347934571424
9,4.547662254842857
10,4.542633993828572
11,4.517509435671429
12,4.522541883414286
13,4.492384877514286
14,4.4471556487571435
15,4.4521880965000005
16,4.361738012442857
17,4.422035277328573
18,4.884338032914286
19,4.9295714484
20,4.879318145357144
21,4.894390368214286
22,4.949667745542858
23,5.004945122871429
