hour,B(t)
0,18.62645714285714
1,18.40354285714286
2,18.33497142857143
3,18.334957142857146
4,18.2721
5,18.43212857142857
6,47.57490000000001
7,54.66768571428572
8,60.131614285714285
9,57.82258571428572
10,55.30781428571429
11,54.72484285714285
12,53.530342857142855
13,53.59890000000001
14,54.45049999999999
15,52.7473
16,53.187400000000004
17,53.01022857142857
18,56.75379999999999
19,58.342685714285714
20,56.83954285714287
21,59.53147142857143
22,57.31391428571428
23,33.52075714285714
