hour,B(t)
0,154.71785666666668
1,154.52582333333334
2,153.81368
3,153.20557
4,152.13335666666666
5,151.22117666666665
6,148.96474666666666
7,150.52505333333332
8,158.43057
9,169.78477
10,175.02577333333332
11,176.81812333333335
12,175.50586666666666
13,177.69829666666666
14,178.73049
15,178.96253
16,177.87432666666666
17,175.8179166666667
18,172.74532666666667
19,169.00061
20,165.51994000000002
21,162.22331666666665
22,159.49478666666667
23,157.55041
