hour,B(t)
0,45.343316971156675
1,45.28703757012333
2,45.07832901128
3,44.90010960547
4,44.58587497165667
5,44.318541466876674
6,43.65724727034667
7,44.114527905453336
8,46.431405580470006
9,49.758992328670004
10,51.294978416573336
11,51.82026422342334
12,51.43567984986667
13,52.07821750239667
14,52.38072343479
15,52.44872762963
16,52.12980679052667
17,51.52713265541667
18,50.62664563152667
19,49.52917777331
20,48.50909433574
21,47.54294963881667
22,46.743296623186666
23,46.17345620911
