hour,B(t)
0,43.10550743801653
1,43.92848181818182
2,44.50114958677686
3,46.4347479338843
4,47.16447107438017
5,46.73067107438016
6,47.98314297520661
7,49.19362727272727
8,51.95316446280992
9,46.60271074380165
10,44.76764462809918
11,43.7284347107438
12,43.85408181818182
13,42.99805289256199
14,41.885107438016526
15,41.23208677685951
16,40.003753719008266
17,37.28653140495867
18,36.247652066115705
19,38.630125
20,39.19489416666667
21,39.244575833333336
22,39.38393333333333
23,41.117601666666665
