hour,B(t)
0,3.6761571428571433
1,3.093285714285714
2,3.0663142857142853
3,2.9974
4,3.0044285714285714
5,3.0049999999999994
6,2.9543999999999997
7,2.4896428571428575
8,2.221271428571429
9,2.1702857142857144
10,2.810985714285714
11,2.7088
12,4.100371428571429
13,4.2348
14,5.305328571428572
15,4.068642857142857
16,4.8963714285714275
17,5.221128571428571
18,5.6890857142857145
19,5.289299999999999
20,5.269128571428572
21,4.239542857142857
22,3.3414857142857146
23,3.0687285714285713
