hour,B(t)
0,77.86302666666667
1,72.91006999999999
2,67.36783870967741
3,64.86051333333333
4,62.388043333333336
5,60.035579999999996
6,58.0992
7,55.96279333333334
8,53.946400000000004
9,58.84335333333333
10,62.36404
11,64.7885
12,65.2229064516129
13,69.46940666666666
14,72.85405333333333
15,74.03829666666667
16,75.39056000000001
17,78.29510333333333
18,84.20826000000001
19,82.40790333333332
20,81.27168
21,80.92761666666667
22,80.15946666666667
23,79.86342333333333
