hour,B(t)
0,81.28278709677419
1,76.19148387096774
2,71.42926774193548
3,67.50721774193549
4,64.91316612903226
5,63.151543548387096
6,60.88658387096774
7,57.16199516129033
8,55.888204838709676
9,58.78425
10,61.08791774193548
11,64.42146612903225
12,67.78598387096774
13,69.66764032258064
14,71.31699193548387
15,73.82585322580645
16,76.44700806451613
17,79.18431290322582
18,82.52560806451613
19,82.73468064516129
20,83.02505483870968
21,83.44707903225806
22,82.89729516129033
23,82.6107822580645
