hour,B(t)
0,56.681909677419355
1,52.608867741935484
2,49.34887741935484
3,47.11876451612903
4,45.54685483870968
5,43.38643870967742
6,37.23814516129032
7,37.354306451612906
8,38.92622580645161
9,39.62312580645161
10,42.13974838709677
11,44.32339032258065
12,46.05792258064516
13,47.93182580645161
14,50.71945806451613
15,52.8489
16,59.43081612903226
17,60.85561290322581
18,61.25053225806452
19,61.32796451612903
20,61.22729032258065
21,61.08017419354839
22,60.37551935483871
23,58.278734375
