hour,B(t)
0,50.023942857142856
1,50.209685714285705
2,50.43829999999999
3,50.224000000000004
4,50.195414285714286
5,50.0954
6,49.70959999999999
7,31.163157142857138
8,23.40451428571428
9,23.161585714285714
10,22.861557142857144
11,22.56147142857143
12,22.718657142857147
13,22.275699999999997
14,22.847271428571425
15,22.96157142857143
16,22.761514285714288
17,25.362042857142857
18,49.052342857142854
19,49.938228571428574
20,50.0954
21,50.123957142857144
22,49.93821428571429
23,49.86677142857143
