hour,B(t)
0,53.6675
1,51.75284285714286
2,51.467057142857136
3,49.18091428571429
4,47.151985714285715
5,45.4945
6,44.551471428571425
7,44.637185714285714
8,42.32245714285714
9,42.55107142857143
10,45.06585714285715
11,51.038442857142854
12,56.267999999999994
13,57.06814285714285
14,58.38270000000001
15,59.325742857142856
16,60.61168571428571
17,60.81175714285714
18,62.154828571428574
19,59.411471428571424
20,57.92547142857143
21,56.58232857142857
22,54.153299999999994
23,53.09594285714286
