hour,B(t)
0,49.323814285714285
1,48.595099999999995
2,48.49507142857142
3,48.423657142857145
4,48.79514285714286
5,49.15235714285715
6,69.99922857142856
7,76.50048571428572
8,82.88742857142857
9,87.80265714285713
10,89.27437142857143
11,90.8460857142857
12,91.64625714285715
13,90.46031428571428
14,89.00291428571428
15,86.11661428571429
16,84.30197142857143
17,81.81580000000001
18,79.1866857142857
19,77.38635714285714
20,76.72908571428572
21,76.38615714285713
22,56.6252
23,49.923942857142855
