hour,B(t)
0,113.61526333333333
1,110.47797999999999
2,106.54389333333333
3,102.81317666666668
4,100.96615333333332
5,100.11265666666667
6,99.44585666666667
7,99.64589333333333
8,99.08913333333334
9,98.65237666666667
10,101.26953999999999
11,104.01673333333333
12,105.28030333333332
13,107.23736333333333
14,108.88434000000001
15,109.18107
16,109.10105666666666
17,109.76119
18,110.83139
19,113.67193
20,115.66900000000001
21,116.30244666666667
22,115.9157
23,115.54896333333333
