hour,B(t)
0,99.58495714285714
1,95.80134285714287
2,92.20064285714285
3,88.69141428571429
4,87.11395714285713
5,86.54241428571427
6,85.3536
7,83.44467142857141
8,85.90228571428572
9,91.86915714285713
10,98.6476142857143
11,104.31728571428573
12,105.67752857142857
13,106.1119
14,107.03779999999998
15,108.1466
16,111.51865714285714
17,107.72364285714286
18,109.3125142857143
19,107.31211428571427
20,107.49502857142859
21,104.22582857142856
22,104.80879999999999
23,101.9168142857143
