hour,B(t)
0,28.9656
1,29.12562857142857
2,28.874142857142857
3,27.913971428571426
4,29.011300000000002
5,28.736971428571426
6,37.4015
7,71.87672857142856
8,77.15775714285714
9,79.96972857142858
10,78.09505714285714
11,76.6548142857143
12,73.11124285714286
13,73.15697142857142
14,70.84795714285714
15,70.39072857142857
16,70.93939999999999
17,68.0817
18,68.92758571428571
19,42.773971428571436
20,31.663271428571427
21,29.97148571428571
22,27.8911
23,27.639628571428574
