hour,B(t)
0,358.36249000000004
1,346.44018
2,330.6238033333333
3,312.46029333333337
4,319.95507999999995
5,386.9279966666666
6,442.69877333333335
7,444.27239333333335
8,452.00722
9,469.9040166666667
10,481.71961999999996
11,491.13479
12,504.92410333333333
13,509.29828333333336
14,512.0188066666667
15,517.6465633333333
16,522.47415
17,524.9013033333333
18,525.00797
19,525.1413433333333
20,523.11428
21,510.6852133333333
22,489.58781999999997
23,415.3601566666667
