hour,B(t)
0,406.28484838709676
1,384.8226435483871
2,377.1050306451613
3,356.17196451612904
4,364.37999516129037
5,439.45254677419354
6,509.2337580645161
7,509.60801612903225
8,522.99125
9,542.5950403225806
10,552.5840483870968
11,570.8456467741935
12,594.4114806451613
13,599.5608645161291
14,604.0520483870968
15,604.3230790322581
16,601.8709903225806
17,603.1873725806452
18,599.0833532258065
19,599.793170967742
20,594.953520967742
21,569.1033661290322
22,546.7764854838709
23,464.7864596774194
