hour,B(t)
0,382.0165714285714
1,367.6138142857143
2,357.21178571428567
3,337.2079428571428
4,346.4668571428571
5,418.2521428571429
6,463.40369999999996
7,461.5747857142857
8,450.94415714285714
9,464.43247142857143
10,464.4325
11,483.29327142857153
12,492.32358571428574
13,488.0941857142857
14,495.98141428571427
15,491.18049999999994
16,493.1237142857143
17,489.35159999999996
18,483.5218714285714
19,481.80725714285717
20,475.86327142857147
21,473.3484857142857
22,451.97292857142867
23,391.1612
