hour,B(t)
0,9.336085714285716
1,9.258914285714285
2,9.2761
3,9.327514285714287
4,9.327514285714287
5,9.353242857142858
6,9.3361
7,7.698628571428571
8,6.078299999999999
9,5.906828571428571
10,6.155485714285713
11,6.052571428571428
12,6.129771428571429
13,6.232628571428571
14,6.206914285714285
15,6.5584
16,6.378371428571429
17,9.198914285714286
18,9.850457142857142
19,10.527742857142858
20,10.073371428571429
21,9.747614285714286
22,10.519171428571429
23,9.72187142857143
