hour,B(t)
0,2.736135976371429
1,2.713519268628572
2,2.7185559031000004
3,2.733623939228572
4,2.733623939228572
5,2.7411642373857146
6,2.7361401631
7,2.256244774057143
8,1.7813734593
9,1.731120156257143
10,1.8039943537714287
11,1.7738331611428573
12,1.796458242342857
13,1.826602688057143
14,1.8190665766285714
15,1.9220768464
16,1.8693156929428572
17,2.6959350086285716
18,2.886883325314286
19,3.085376126885715
20,2.9522130379428577
21,2.8567430663285722
22,3.082864089742858
23,2.8491985814428573
