hour,B(t)
0,19.443757142857145
1,19.34087142857143
2,19.34087142857143
3,19.4266
4,19.63235714285715
5,19.735214285714285
6,36.8471
7,46.87761428571429
8,50.632628571428576
9,52.004314285714294
10,47.61488571428572
11,49.50098571428572
12,46.74044285714285
13,48.043542857142846
14,48.112142857142864
15,47.94068571428571
16,47.8378
17,45.38588571428571
18,44.3057
19,45.231585714285714
20,45.96885714285714
21,23.747442857142858
22,16.39172857142857
23,16.44317142857143
