hour,B(t)
0,373.67208571428574
1,360.75534285714286
2,343.9520857142857
3,333.6644
4,344.06640000000004
5,418.59507142857143
6,468.5475714285714
7,462.4892285714286
8,463.8609428571428
9,465.46122857142853
10,476.7777285714286
11,499.2963571428571
12,514.6135999999999
13,518.1571428571427
14,507.86942857142856
15,508.5552571428571
16,515.9853
17,520.1003571428572
18,527.3017571428572
19,522.0436000000001
20,523.0723857142856
21,501.3538714285714
22,485.1221857142858
23,428.88278571428566
