hour,B(t)
0,216.5560714285714
1,223.40025714285713
2,211.0836
3,228.12972857142856
4,215.62731428571433
5,240.8179142857143
6,275.13881428571426
7,444.31434285714283
8,398.03395714285716
9,354.98278571428574
10,341.3230142857143
11,331.1210571428572
12,323.07662857142856
13,327.0917
14,320.0760285714286
15,329.8064857142857
16,333.2500142857143
17,350.0104
18,363.72735714285716
19,368.5425571428571
20,378.5301857142858
21,387.08898571428574
22,356.28304285714285
23,248.1050285714286
