hour,B(t)
0,36.1927
1,36.206985714285715
2,36.02124285714286
3,35.94978571428571
4,35.87831428571428
5,35.90691428571429
6,35.878328571428575
7,32.477714285714285
8,18.189214285714286
9,16.203142857142858
10,16.3603
11,16.460328571428573
12,16.431771428571427
13,16.44602857142857
14,16.646085714285714
15,16.560342857142857
16,16.70322857142857
17,27.94825714285714
18,36.635642857142855
19,36.435585714285715
20,36.478457142857145
21,36.40702857142857
22,36.26412857142857
23,36.292699999999996
