hour,B(t)
0,92.81651000000001
1,83.57536333333333
2,76.03063666666667
3,70.25405666666667
4,61.90251333333333
5,56.55781666666667
6,58.98714666666667
7,73.82565
8,90.50242666666666
9,113.23107666666667
10,137.86637000000002
11,153.74820666666668
12,163.24067333333332
13,166.0311
14,164.50238
15,168.67928333333333
16,169.57262
17,166.91584666666668
18,163.65341333333333
19,156.22605000000001
20,147.48409666666666
21,135.58329
22,123.15333666666668
23,110.83488000000001
