hour,B(t)
0,21.464143333333332
1,20.667983333333332
2,20.53463
3,20.502626666666668
4,20.617316666666667
5,21.885550000000002
6,40.65184333333333
7,50.52842
8,56.6616
9,52.403443333333335
10,50.00032
11,48.740073333333335
12,48.75606666666667
13,48.85742666666667
14,49.466879999999996
15,49.82427666666667
16,49.584230000000005
17,47.29712666666667
18,46.11423333333333
19,45.320746666666665
20,53.05824
21,53.703696666666666
22,51.891346666666664
23,33.354436666666665
