hour,B(t)
0,63.390928571428574
1,56.635071428571436
2,54.1556
3,50.596885714285726
4,46.42238571428572
5,43.451542857142854
6,43.27521428571429
7,51.28904285714286
8,59.14127142857143
9,65.50021428571429
10,81.18925714285714
11,95.24694285714286
12,98.2929714285714
13,96.22182857142856
14,96.58862857142857
15,96.65077142857145
16,95.45484285714285
17,94.26074285714286
18,90.5359
19,85.04654285714285
20,80.26532857142857
21,70.08437142857143
22,64.39614285714285
23,60.57524285714287
