hour,B(t)
0,0.9182
1,0.9128666666666666
2,0.9078666666666667
3,0.9022
4,0.8962
5,0.8922
6,0.8948666666666667
7,0.6427700000000001
8,0.5177666666666666
9,0.5271
10,0.5441
11,0.5451
12,0.5467666666666667
13,0.5461000000000001
14,0.5474333333333334
15,0.5504333333333334
16,0.5457666666666667
17,0.5471
18,0.5484333333333333
19,0.5497666666666667
20,0.86285
21,0.9275333333333333
22,0.9195333333333333
23,0.9208666666666667
