hour,B(t)
0,18.776953333333335
1,18.756953333333335
2,18.823633333333337
3,18.71027666666667
4,18.69694
5,18.636923333333336
6,19.563773333333334
7,21.811096551724138
8,24.798123333333333
9,28.778896666666665
10,34.253280000000004
11,34.43332
12,28.51883666666667
13,26.751833333333334
14,29.392346666666665
15,34.90006666666667
16,33.34643666666667
17,32.98636333333334
18,28.745546666666666
19,26.905196666666665
20,23.031113333333334
21,21.44413666666667
22,20.177236666666666
23,19.81049
