hour,B(t)
0,93.78003387096774
1,92.73145322580645
2,92.31652741935484
3,90.95562096774194
4,90.67039838709677
5,90.14707580645161
6,91.75900322580644
7,101.55508064516128
8,119.30172903225807
9,126.5657129032258
10,133.58315901639344
11,137.3347
12,140.8396426229508
13,139.5102
14,138.32636557377052
15,134.68303606557376
16,131.91255967741935
17,135.04670161290323
18,128.10537419354839
19,121.58798548387097
20,116.47086451612904
21,109.44563709677419
22,100.23160483870969
23,98.34349516129032
