hour,B(t)
0,3.700714285714286
1,2.7148
2,3.4292285714285713
3,2.6148
4,2.886271428571429
5,3.1006
6,2.571928571428572
7,2.9291142857142853
8,2.786257142857143
9,4.443714285714285
10,4.372257142857143
11,6.258342857142857
12,5.772557142857143
13,7.129957142857143
14,7.3156857142857135
15,8.044385714285713
16,8.030114285714285
17,6.2726428571428565
18,6.7870285714285705
19,5.272442857142857
20,5.443914285714286
21,4.1151
22,4.3151142857142855
23,3.886457142857142
