hour,B(t)
0,49.09521428571429
1,49.09518571428572
2,48.96659999999999
3,48.952314285714294
4,51.95287142857143
5,51.16704285714286
6,70.48501428571429
7,74.7858857142857
8,71.8996
9,71.05657142857142
10,71.2709
11,70.99942857142857
12,70.9136857142857
13,71.128
14,70.98512857142858
15,71.19945714285714
16,71.15658571428571
17,74.10002857142857
18,75.77178571428571
19,75.62887142857143
20,75.58602857142857
21,75.68604285714285
22,56.782385714285724
23,50.48118571428572
