hour,B(t)
0,103.67715714285714
1,101.87678571428572
2,101.3624
3,99.99072857142858
4,99.13339999999998
5,98.70477142857143
6,100.5051
7,103.73429999999999
8,142.5703714285714
9,161.23110000000003
10,171.77601428571433
11,174.6051142857143
12,176.40545714285713
13,175.34811428571427
14,169.4041142857143
15,163.2029142857143
16,171.14732857142855
17,152.8295
18,137.6551142857143
19,122.45219999999999
20,117.67985714285714
21,108.36375714285714
22,106.70631428571429
23,105.39175714285714
