hour,B(t)
0,83.19769453551912
1,80.56815597826086
2,77.75022282608695
3,75.5337070652174
4,73.54940978260869
5,71.84429673913043
6,69.23248641304347
7,64.04931032608695
8,65.24693858695652
9,68.48886956521739
10,70.41967336956522
11,72.8605777173913
12,75.0523097826087
13,76.9518070652174
14,77.90546847826087
15,79.50099565217391
16,82.08409999999999
17,87.38599456521739
18,88.60188423913043
19,88.42887213114754
20,87.84645956284153
21,87.15256010928961
22,85.1324956284153
23,83.56498579234973
