hour,B(t)
0,49.50957142857143
1,48.85230000000001
2,48.752271428571426
3,48.838
4,49.052328571428575
5,49.652457142857145
6,69.68487142857143
7,77.15774285714285
8,89.73161428571429
9,97.27592857142858
10,101.36242857142857
11,105.04884285714284
12,104.97740000000002
13,104.93454285714287
14,104.49158571428572
15,102.71984285714284
16,98.89051428571429
17,92.90364285714286
18,86.94535714285715
19,83.7590142857143
20,80.24407142857142
21,78.61515714285714
22,58.28268571428571
23,51.4385
