hour,B(t)
0,148.87159999999997
1,142.7204
2,135.68332857142858
3,131.3825
4,131.37535714285715
5,130.1251142857143
6,131.2753285714286
7,133.80441428571427
8,132.00402857142856
9,130.53945714285715
10,125.70997142857142
11,130.48947142857145
12,133.89727142857143
13,140.9557714285714
14,137.59801428571427
15,141.5630285714286
16,137.4408
17,140.01274285714285
18,145.04942857142856
19,150.4218857142857
20,151.28634285714287
21,152.69375714285712
22,147.47844285714288
23,146.2711
