hour,B(t)
0,24.11894285714286
1,23.981771428571427
2,23.61598571428571
3,23.867442857142855
4,23.547400000000003
5,24.644757142857145
6,32.94351428571428
7,68.7218
8,76.1289857142857
9,80.26692857142856
10,78.04935714285715
11,75.64887142857143
12,73.72851428571428
13,72.28822857142856
14,69.91064285714286
15,67.99027142857143
16,67.5559142857143
17,63.55511428571428
18,63.806599999999996
19,41.173657142857145
20,32.2348
21,31.000257142857144
22,28.69124285714285
23,27.456728571428574
