hour,B(t)
0,433.08393666666666
1,429.80117666666666
2,429.2420733333333
3,429.86844666666667
4,435.84003666666666
5,441.37438000000003
6,456.70657666666665
7,480.06598
8,489.00389
9,507.36226999999997
10,539.3418866666667
11,540.68436
12,546.2169833333334
13,543.7981733333334
14,536.5424066666667
15,530.72601
16,517.3462433333333
17,500.45430000000005
18,487.7935133333333
19,485.77304
20,480.66873000000004
21,470.0193633333334
22,447.6673866666667
23,437.62014
