hour,B(t)
0,3.529228571428572
1,2.543342857142857
2,3.2434999999999996
3,2.1146857142857143
4,3.143442857142857
5,2.4290285714285713
6,2.6290714285714287
7,2.2147
8,1.928914285714286
9,2.2004285714285716
10,2.2432857142857143
11,3.5292428571428567
12,3.2720428571428575
13,4.858085714285714
14,5.143857142857143
15,5.9583
16,6.458399999999999
17,6.158328571428571
18,5.501071428571429
19,5.029528571428571
20,4.072228571428572
21,3.7293
22,3.686414285714285
23,3.1577714285714285
