hour,B(t)
0,6.1841497852
1,5.896048432014285
2,5.959699266485714
3,5.976458740957143
4,6.080302169714287
5,6.154001152757142
6,6.177451019485716
7,6.522508628157143
8,8.190819482385717
9,7.018309399042858
10,8.264522652157144
11,8.1405745528
12,7.772062890671429
13,7.701717477214286
14,7.979766495100001
15,8.120478255657144
16,8.428675905985715
17,8.535877091057143
18,7.959670197957144
19,6.64309478447143
20,6.867557863371429
21,6.713456944842858
22,6.438753123085713
23,6.445456075528573
