hour,B(t)
0,43.980093548387096
1,44.46535483870967
2,44.51698387096774
3,44.537625806451615
4,44.68991290322581
5,44.34661774193548
6,47.960216129032254
7,56.11147258064516
8,60.64655
9,64.24465483870968
10,68.2041306451613
11,69.9412435483871
12,71.1698564516129
13,71.17502580645161
14,72.61529838709677
15,71.71190161290322
16,69.70894193548386
17,64.81766612903226
18,59.794769354838714
19,50.40713870967742
20,47.18846129032258
21,45.32487096774193
22,44.10399193548387
23,43.716822580645164
