hour,B(t)
0,8.068433172343335
1,8.182555019743335
2,7.946492190663334
3,7.896467901673334
4,7.852689932596667
5,7.77452301238
6,9.366014793876667
7,15.633470010826668
8,16.680910649343335
9,17.439135148413335
10,17.428192854176665
11,16.68247760229
12,16.835684375153335
13,16.687163807580003
14,16.61368797717
15,16.519888649813335
16,16.335415108863334
17,15.025326193953335
18,14.015406458663334
19,10.28682433781
20,8.82509462608
21,8.3889229182
22,8.152852273893334
23,8.098135918193334
