hour,B(t)
0,27.530643333333334
1,27.920043333333336
2,27.114563333333333
3,26.943873333333332
4,26.794496666666664
5,26.52778
6,31.958176666666663
7,53.343626666666665
8,56.91764333333333
9,59.50481333333333
10,59.46747666666667
11,56.92299
12,57.44575333333333
13,56.93898
14,56.68827
15,56.36821333333333
16,55.73876333333333
17,51.26855333333334
18,47.82256333333333
19,35.10011
20,30.11248
21,28.6242
22,27.818693333333332
23,27.631993333333334
