hour,B(t)
0,17.38622857142857
1,17.283342857142856
2,17.591957142857144
3,17.574814285714286
4,17.43765714285714
5,17.4891
6,32.577714285714286
7,40.82504285714286
8,45.33445714285715
9,49.63814285714286
10,50.75265714285714
11,51.00985714285714
12,50.32398571428572
13,48.81514285714286
14,51.06127142857143
15,50.324000000000005
16,49.158028571428574
17,45.69454285714286
18,42.35101428571429
19,43.551257142857146
20,44.76864285714286
21,25.101985714285714
22,18.1921
23,18.209242857142858
