hour,B(t)
0,40.95647142857143
1,41.24794285714286
2,41.4766
3,44.860085714285724
4,43.8256
5,42.99115714285715
6,44.751485714285714
7,46.803342857142866
8,48.74654285714286
9,46.294642857142854
10,46.35181428571429
11,46.74615714285715
12,45.4202
13,44.84294285714286
14,43.27692857142857
15,41.67088571428572
16,41.0022
17,37.19002857142857
18,35.69831428571428
19,37.367228571428576
20,38.00731428571429
21,37.2472
22,40.202042857142864
23,38.630314285714284
