hour,B(t)
0,143.92062857142858
1,140.66287142857146
2,136.99785714285716
3,139.02684285714287
4,136.27630000000002
5,134.92605714285713
6,135.47614285714286
7,135.74047142857142
8,133.37574285714285
9,128.7177
10,131.11815714285714
11,136.05482857142854
12,138.64104285714285
13,138.58387142857143
14,135.5333142857143
15,137.54797142857143
16,140.19848571428574
17,137.7623
18,143.49197142857142
19,145.87817142857142
20,149.4074
21,147.12122857142853
22,150.72907142857142
23,145.4209142857143
