hour,B(t)
0,49.695299999999996
1,49.12375714285714
2,49.038028571428576
3,49.00945714285715
4,49.10951428571429
5,49.766757142857145
6,70.75649999999999
7,78.1008
8,88.30274285714287
9,96.23285714285713
10,100.94805714285712
11,103.40567142857142
12,103.69144285714286
13,102.31974285714286
14,101.21952857142857
15,99.49064285714284
16,95.03265714285715
17,89.07434285714285
18,85.21647142857145
19,84.35912857142856
20,81.08707142857143
21,79.4439
22,57.32532857142858
23,50.495485714285714
