hour,B(t)
0,74.2572
1,73.02838571428572
2,74.31435714285715
3,72.4996857142857
4,69.8992142857143
5,68.85614285714287
6,67.99882857142856
7,67.37014285714285
8,65.28402857142858
9,66.06989999999999
10,69.11335714285715
11,71.85671428571428
12,73.77138571428573
13,74.30005714285714
14,75.82891428571429
15,76.20041428571429
16,74.6001
17,74.52865714285714
18,76.32901428571428
19,73.82852857142856
20,75.85748571428572
21,74.11431428571429
22,72.82831428571428
23,70.98511428571427
