hour,B(t)
0,50.50977142857143
1,50.452600000000004
2,50.55261428571429
3,50.624071428571426
4,50.52404285714285
5,50.49547142857143
6,50.13825714285714
7,30.64877142857143
8,23.70457142857143
9,24.176085714285712
10,23.361657142857144
11,23.51882857142857
12,24.84764285714286
13,22.933
14,23.11875714285714
15,25.076271428571427
16,24.976257142857143
17,28.319757142857146
18,51.00984285714286
19,51.0527
20,50.68121428571429
21,50.55261428571429
22,50.15254285714286
23,50.095371428571426
