hour,B(t)
0,6.528679032258064
1,6.252814516129033
2,5.752716129032258
3,5.710775806451613
4,5.268756451612903
5,5.236493548387097
6,5.184867741935483
7,4.857380645161291
8,5.065487096774194
9,5.0671
10,6.601262903225806
11,7.191703225806452
12,8.498409677419355
13,9.47440806451613
14,10.511700000000001
15,11.352190322580647
16,11.673224193548387
17,11.534482258064516
18,10.310048387096774
19,10.15841612903226
20,8.896874193548387
21,8.120917741935484
22,7.427237096774194
23,6.977153225806452
