hour,B(t)
0,5.461056666666667
1,4.69091
2,4.57274375
3,4.0207733333333335
4,4.257486666666667
5,3.63736
6,3.9941033333333333
7,2.940563333333333
8,3.3393483870967744
9,3.1205933333333333
10,4.16412
11,4.66423
12,6.172151612903226
13,7.064696666666666
14,8.659735483870968
15,9.645199999999999
16,10.150348387096773
17,10.602046666666666
18,9.501835483870968
19,8.548313333333335
20,8.101563333333333
21,6.8479866666666664
22,6.156025806451614
23,5.7010966666666665
