hour,B(t)
0,2.9134548387096775
1,2.971532258064516
2,2.826341935483871
3,2.813438709677419
4,2.5746870967741935
5,2.729551612903226
6,2.632758064516129
7,2.54888064516129
8,2.3843225806451613
9,2.6617838709677417
10,2.671467741935484
11,2.677932258064516
12,3.3328935483870965
13,3.838228125
14,4.620238709677419
15,5.0072125
16,5.326832258064516
17,4.58838125
18,4.484729032258064
19,4.255651612903225
20,3.62328064516129
21,3.5039032258064515
22,3.0521935483870966
23,3.1651290322580645
