hour,B(t)
0,37.8134564679
1,38.14427501270001
2,38.211271043299995
3,38.76402806967144
4,39.54710122148572
5,37.10576117728572
6,37.99771020560001
7,39.00271346552858
8,39.785786617342865
9,38.035394949471424
10,37.6710825761
11,37.6333936455
12,38.01445711988571
13,37.143454294614294
14,36.548817422342864
15,35.451681013471436
16,35.20043124517144
17,36.73307116004286
18,38.9399041635
19,38.27827126062857
20,38.621654177871434
21,37.57058015674286
22,38.454151541185716
23,37.68783367711429
