hour,B(t)
0,129.02490000000003
1,130.15370000000001
2,130.3823
3,132.2683857142857
4,134.94034285714284
5,126.61014285714285
6,129.6536
7,133.08281428571428
8,135.75477142857144
9,129.7821857142857
10,128.5391
11,128.41049999999998
12,129.71074285714286
13,126.73875714285714
14,124.70977142857143
15,120.96618571428573
16,120.10888571428572
17,125.33847142857142
18,132.86849999999998
19,130.61091428571427
20,131.78258571428572
21,128.19617142857143
22,131.21104285714287
23,128.59625714285716
