hour,B(t)
0,39.7179490543
1,39.74474830388572
2,40.02615089135715
3,40.36114779127143
4,39.97254820545715
5,39.91895389301429
6,40.37455788288572
7,40.173553044171435
8,39.637542932085715
9,40.5755627216
10,42.94737795114286
11,43.25557560147143
12,43.05457913621429
13,42.4247695572143
14,41.27235995774286
15,40.856956935614285
16,40.347754446571436
17,39.851949488957146
18,39.396349685814286
19,38.21714083675715
20,38.0429310609
21,36.52872949865714
22,37.212120829914284
23,37.22553092152857
