hour,B(t)
0,135.5233
1,135.61474285714286
2,136.57492857142861
3,137.7179857142857
4,136.3920285714286
5,136.20915714285715
6,137.76374285714286
7,137.0778857142857
8,135.24894285714285
9,138.4496
10,146.54257142857142
11,147.59418571428571
12,146.90835714285714
13,144.75935714285714
14,140.82717142857143
15,139.40975714285713
16,137.67228571428572
17,135.98052857142855
18,134.42595714285716
19,130.40232857142857
20,129.8079
21,124.64122857142856
22,126.97305714285714
23,127.0188142857143
