hour,B(t)
0,80.5869857142857
1,77.82932857142858
2,74.95732857142856
3,73.35701428571429
4,72.09964285714285
5,72.49971428571428
6,71.2566
7,68.82757142857143
8,68.72754285714285
9,71.11370000000001
10,73.54277142857143
11,76.02895714285715
12,82.13014285714287
13,81.35857142857142
14,83.54468571428572
15,80.04402857142858
16,80.25835714285712
17,78.22938571428571
18,79.62967142857143
19,78.42941428571429
20,78.27224285714286
21,76.92911428571428
22,77.61495714285715
23,76.4718857142857
