hour,B(t)
0,9.413242857142858
1,9.284642857142856
2,9.344657142857143
3,9.241771428571429
4,9.224642857142857
5,9.216042857142856
6,9.3618
7,7.672914285714285
8,6.686999999999999
9,7.492871428571428
10,7.972957142857141
11,7.964385714285714
12,7.878671428571429
13,7.9129571428571435
14,8.075871428571428
15,7.955785714285713
16,7.7329
17,10.467714285714285
18,10.9221
19,10.107671428571427
20,10.364857142857142
21,10.021928571428571
22,9.619
23,9.46467142857143
