hour,B(t)
0,135.1800857142857
1,134.4338
2,134.02214285714285
3,134.8863142857143
4,135.27668571428572
5,140.54057142857144
6,153.7293714285714
7,224.3632857142857
8,213.89714285714288
9,200.6395714285714
10,203.94279999999998
11,200.9757857142857
12,200.5757
13,192.3136857142857
14,186.32124285714286
15,188.00885714285715
16,183.69687142857143
17,193.1835714285714
18,209.28438571428572
19,213.00395714285716
20,213.69337142857145
21,215.76821428571427
22,200.18720000000002
23,144.3592857142857
