hour,B(t)
0,79.9697
1,80.1182857142857
2,80.57555714285715
3,80.6327
4,81.10137142857143
5,80.79271428571428
6,80.7355857142857
7,78.59802857142857
8,78.4037
9,78.06077142857143
10,76.75765714285714
11,76.75767142857141
12,76.40331428571429
13,77.12344285714286
14,78.11794285714286
15,77.66072857142856
16,77.22632857142857
17,77.14631428571428
18,79.06668571428573
19,78.65518571428571
20,79.20384285714286
21,78.97524285714285
22,79.42104285714287
23,80.9456375
