hour,B(t)
0,126.85307142857143
1,129.06777142857143
2,129.12491428571428
3,131.99692857142858
4,130.6252142857143
5,132.21122857142856
6,136.18342857142858
7,134.9689
8,135.15467142857142
9,128.2962
10,130.52517142857144
11,125.10985714285714
12,123.48097142857144
13,120.95190000000001
14,120.52325714285715
15,113.05041428571428
16,117.47981428571428
17,121.32341428571429
18,131.9826
19,133.0971142857143
20,135.46897142857142
21,134.18302857142857
22,137.86947142857144
23,130.5752
