hour,B(t)
0,59.068528571428565
1,59.03995714285714
2,58.954214285714286
3,59.06854285714286
4,59.26858571428572
5,59.15428571428571
6,59.097114285714284
7,62.49778571428572
8,69.44195714285715
9,72.614
10,79.84397142857144
11,79.24387142857142
12,78.90094285714285
13,78.98667142857143
14,80.47265714285713
15,68.69897142857143
16,68.84184285714285
17,68.87042857142858
18,70.21354285714285
19,68.92758571428571
20,71.32802857142858
21,69.24191428571429
22,69.18478571428571
23,67.6630375
