hour,B(t)
0,35.8698
1,35.835457142857145
2,35.7669
3,36.07554285714286
4,35.62974285714286
5,35.835457142857145
6,35.2525
7,31.823271428571427
8,27.571014285714284
9,28.085428571428572
10,27.605314285714286
11,26.95377142857143
12,27.84537142857143
13,27.811085714285717
14,28.394042857142857
15,28.736985714285712
16,28.42834285714286
17,29.18278571428571
18,35.972671428571424
19,36.21268571428571
20,36.21268571428571
21,35.56115714285714
22,36.041242857142855
23,36.2469875
