hour,B(t)
0,49.752457142857146
1,49.80961428571429
2,49.952485714285714
3,49.83819999999999
4,49.88105714285714
5,49.695299999999996
6,49.69531428571429
7,34.2066
8,22.5472
9,21.61844285714286
10,22.018542857142855
11,21.547
12,21.547014285714287
13,21.14692857142857
14,21.47557142857143
15,21.847057142857143
16,22.004228571428573
17,24.23327142857143
18,48.02355714285714
19,49.9382
20,49.93821428571429
21,50.0668
22,49.66675714285714
23,49.6595625
