hour,B(t)
0,57.40378571428572
1,51.11514285714286
2,47.53244285714286
3,45.49494285714286
4,43.57912857142857
5,45.30844285714286
6,49.539971428571434
7,54.54608571428572
8,54.95061428571428
9,55.99364285714285
10,65.6426857142857
11,77.75102857142858
12,82.87255714285713
13,78.88294285714287
14,81.71947142857142
15,83.99892857142858
16,80.79014285714285
17,78.7206
18,75.50758571428571
19,77.10631428571428
20,73.81424285714286
21,69.9485
22,64.74107142857143
23,59.41545
