hour,B(t)
0,111.23774285714286
1,112.40325714285714
2,111.19444285714285
3,109.71504285714286
4,108.92031428571428
5,112.02231428571429
6,108.76214285714286
7,99.54832857142857
8,98.90865714285714
9,98.52788571428572
10,97.3885
11,96.2522857142857
12,98.06091428571429
13,97.52997142857143
14,97.58855714285714
15,97.72514285714286
16,96.58822857142857
17,100.19905714285713
18,112.20894285714287
19,109.61800000000001
20,109.41782857142857
21,109.10562857142858
22,111.8080142857143
23,112.979675
