hour,B(t)
0,16.1174
1,16.083114285714288
2,16.42602857142857
3,16.580342857142856
4,16.648928571428574
5,16.563200000000002
6,16.631785714285716
7,15.51727142857143
8,14.128428571428572
9,14.402785714285715
10,14.762842857142857
11,14.762842857142857
12,14.728571428571428
13,14.779985714285715
14,14.574242857142858
15,14.471371428571429
16,14.317042857142857
17,14.197014285714285
18,16.168814285714287
19,16.0831
20,16.151685714285716
21,16.014528571428574
22,16.100257142857142
23,16.0981125
