hour,B(t)
0,35.492557142857144
1,35.478257142857146
2,35.435385714285715
3,35.4354
4,35.42111428571428
5,35.40682857142857
6,35.378257142857144
7,33.80652857142857
8,20.77542857142857
9,15.588714285714286
10,15.503
11,15.460142857142857
12,15.517285714285714
13,15.488714285714286
14,15.503
15,15.517285714285714
16,15.588728571428572
17,24.190385714285714
18,35.664028571428574
19,35.62115714285714
20,35.606857142857145
21,35.478257142857146
22,35.564
23,35.5318375
