hour,B(t)
0,20.289628571428572
1,20.358214285714286
2,20.301042857142857
3,20.415385714285716
4,19.92384285714286
5,19.832385714285717
6,19.30657142857143
7,20.426785714285717
8,21.0212
9,20.26675714285714
10,21.775614285714287
11,21.204085714285714
12,21.92421428571429
13,22.541500000000003
14,23.2502
15,23.30737142857143
16,24.347571428571428
17,23.135885714285713
18,20.895457142857143
19,20.655414285714283
20,19.95812857142857
21,19.969557142857145
22,18.56357142857143
23,19.333737499999998
