hour,B(t)
0,397.57342857142856
1,397.32897142857144
2,399.33878571428573
3,400.12322857142857
4,399.7672857142857
5,399.74114285714285
6,401.4116142857143
7,391.2212
8,384.13
9,388.4904
10,392.42285714285714
11,379.1166
12,376.61852857142856
13,378.0268285714286
14,377.1372142857143
15,373.59324285714285
16,374.44054285714293
17,378.6172142857143
18,399.1181714285714
19,398.17554285714283
20,400.04517142857145
21,401.41402857142856
22,398.5352
23,397.1067625
