hour,B(t)
0,9.258928571428571
1,9.121728571428573
2,9.190328571428571
3,9.14747142857143
4,9.1989
5,9.181757142857142
6,9.181771428571428
7,8.213028571428572
8,6.026871428571428
9,6.078328571428571
10,6.001157142857143
11,6.138342857142858
12,6.069742857142857
13,6.258342857142857
14,6.258342857142857
15,6.3098
16,6.455528571428571
17,8.864571428571429
18,9.696157142857142
19,10.656342857142858
20,10.296257142857144
21,10.3477
22,10.613471428571428
23,9.6543625
