hour,B(t)
0,244.57575714285713
1,253.2345857142857
2,250.5912142857143
3,253.90615714285715
4,251.13415714285716
5,262.3935
6,256.53522857142855
7,252.93452857142856
8,242.36105714285713
9,231.54469999999998
10,211.28362857142858
11,212.36955714285713
12,208.3830714285714
13,214.82717142857146
14,206.31124285714284
15,209.0689285714286
16,215.45585714285716
17,225.61498571428572
18,237.6172857142857
19,243.4041142857143
20,247.93355714285715
21,246.36182857142856
22,253.949
23,258.4373625
