hour,B(t)
0,40.722142857142856
1,40.493542857142856
2,40.72212857142857
3,40.69355714285714
4,41.150800000000004
5,39.69337142857143
6,39.036114285714284
7,39.72192857142857
8,37.09287142857143
9,35.57828571428571
10,33.46358571428571
11,32.3491
12,33.00637142857143
13,33.577914285714286
14,34.03514285714286
15,34.263771428571424
16,33.863685714285715
17,37.321485714285714
18,38.550314285714286
19,37.20717142857143
20,37.721585714285716
21,38.636042857142854
22,38.893214285714286
23,40.2577625
