hour,B(t)
0,65.05539999999999
1,65.08399999999999
2,64.01235714285714
3,64.72677142857142
4,64.84108571428571
5,65.827
6,64.65532857142857
7,63.28364285714286
8,61.969100000000005
9,62.826414285714286
10,63.72657142857143
11,64.99827142857143
12,67.52731428571428
13,66.44138571428572
14,67.4273
15,67.18438571428571
16,65.95557142857142
17,66.58428571428571
18,65.99845714285715
19,65.4412
20,64.69818571428571
21,65.69841428571428
22,64.95537142857144
23,64.9500625
