hour,B(t)
0,2.5719142857142856
1,1.986114285714286
2,2.443314285714286
3,2.171842857142857
4,2.3433
5,2.271842857142857
6,1.8717714285714284
7,2.1003857142857143
8,1.5431571428571427
9,1.6574571428571427
10,1.6145714285714285
11,2.1575571428571427
12,2.1147
13,2.4290285714285713
14,2.8434142857142857
15,2.671928571428571
16,2.8434
17,2.543342857142857
18,2.8005285714285715
19,2.443314285714286
20,2.5719285714285713
21,2.3718857142857144
22,2.329014285714286
23,2.2379125
