hour,B(t)
0,18.334957142857142
1,18.477857142857143
2,18.392114285714285
3,18.56357142857143
4,18.586442857142856
5,20.82687142857143
6,63.3265
7,75.14592857142857
8,64.94968571428572
9,62.126285714285714
10,58.902800000000006
11,54.884885714285716
12,53.46745714285714
13,50.34684285714286
14,48.12357142857143
15,48.489357142857145
16,49.323814285714285
17,51.52424285714286
18,62.00052857142857
19,65.60122857142856
20,67.90454285714286
21,67.68161428571429
22,65.53835714285715
23,31.6711
