hour,B(t)
0,0.7186714285714285
1,0.7186714285714285
2,0.7172428571428571
3,0.7086714285714286
4,0.7172428571428571
5,0.7172428571428571
6,0.7201142857142857
7,0.6515285714285713
8,0.5029571428571429
9,0.4886714285714286
10,0.5058142857142858
11,0.5101
12,0.5201
13,0.5286714285714286
14,0.5329571428571429
15,0.5372428571428571
16,0.5343857142857144
17,0.5715285714285715
18,0.7401142857142856
19,0.7201142857142857
20,0.7286857142857143
21,0.7186714285714285
22,0.7215285714285714
23,0.7251
