hour,B(t)
0,53.07881428571428
1,52.81588571428572
2,51.86714285714286
3,54.816300000000005
4,55.57644285714286
5,54.66197142857143
6,53.73038571428572
7,54.74771428571428
8,55.71932857142857
9,53.787528571428574
10,48.98657142857143
11,49.266642857142855
12,49.661028571428574
13,49.9525
14,46.23747142857143
15,48.27787142857143
16,48.40932857142857
17,51.089842857142855
18,50.089685714285714
19,52.70731428571428
20,52.975942857142854
21,51.62141428571429
22,52.07288571428571
23,53.2002625
