hour,B(t)
0,108.87814285714285
1,109.24965714285715
2,110.00694285714285
3,110.62134285714285
4,111.5072142857143
5,111.07857142857142
6,112.39311428571429
7,113.42187142857142
8,111.87871428571428
9,107.76367142857143
10,106.10620000000002
11,106.06332857142857
12,105.849
13,106.56341428571429
14,106.07761428571429
15,105.74897142857142
16,106.7205857142857
17,107.0778
18,109.80688571428571
19,110.93568571428571
20,111.89301428571427
21,111.45007142857142
22,109.63545714285715
23,109.883725
