hour,B(t)
0,467.7616714285714
1,465.66131428571424
2,465.7470142857143
3,459.56010000000003
4,461.41761428571425
5,464.57537142857143
6,462.9036142857143
7,463.1036571428571
8,466.08994285714283
9,471.59101428571427
10,472.69122857142855
11,475.24885714285716
12,481.83585714285715
13,482.3787857142857
14,483.9648571428571
15,478.9067
16,482.45022857142857
17,481.33574285714286
18,478.73525714285717
19,473.43420000000003
20,469.81922857142854
21,469.94782857142854
22,466.7758
23,466.9776125
