hour,B(t)
0,114.8936
1,115.06507142857143
2,114.75071428571428
3,115.03648571428572
4,116.56535714285714
5,116.60821428571428
6,116.83687142857143
7,116.36531428571428
8,115.83662857142858
9,112.32164285714286
10,108.97815714285714
11,109.7212
12,109.49257142857142
13,109.16391428571428
14,108.50664285714286
15,107.84938571428572
16,109.77834285714286
17,110.89282857142858
18,112.96465714285715
19,113.69335714285714
20,113.73622857142857
21,114.022
22,113.1504
23,114.75965
