hour,B(t)
0,7.2109386872500005
1,7.316463785316667
2,7.246112091766666
3,7.3477295765
4,7.281285496283334
5,7.191400620583334
6,7.02334394015
7,7.105408704666666
8,7.613496128333334
9,7.179672896066667
10,7.539241705966667
11,9.380079271166666
12,9.356628706650001
13,9.243288381916665
14,9.317542804283333
15,9.063508861483335
16,9.305824848799999
17,9.3722640445
18,9.071319203633335
19,8.7821069718
20,8.414722935233334
21,7.930076307050001
22,7.3047360608
23,7.140582109183335
