hour,B(t)
0,7.257839816283334
1,7.343821963166666
2,7.390723092200001
3,7.402441047683333
4,7.406363314566666
5,7.328191509833334
6,7.3594573010166675
7,7.336011621016667
8,7.652577146183334
9,8.031698676300001
10,8.1528542277
11,8.234933645766668
12,8.141126503183335
13,8.24275375695
14,8.172392294366666
15,8.363909308350001
16,8.832905945133335
17,8.047329129633335
18,7.230476753916668
19,7.105408704666666
20,7.359452416500001
21,7.234389251766667
22,7.210933802733334
23,7.230476753916668
