hour,B(t)
0,36.16411428571429
1,35.964099999999995
2,35.935500000000005
3,35.86405714285714
4,35.76402857142857
5,35.77831428571429
6,35.8069
7,29.79147142857143
8,16.18885714285714
9,16.103114285714287
10,16.245985714285716
11,16.288842857142857
12,16.346
13,16.43172857142857
14,16.631785714285712
15,16.674657142857143
16,16.660371428571427
17,25.333457142857146
18,36.53561428571429
19,36.46417142857143
20,36.33555714285714
21,36.39274285714286
22,36.22127142857143
23,36.23555714285714
