hour,B(t)
0,456.90429677419354
1,454.58449677419355
2,450.3223774193549
3,449.06730645161286
4,448.496235483871
5,439.4944967741936
6,448.30909677419356
7,447.0443387096774
8,457.9303032258065
9,474.7496838709678
10,495.9699
11,503.0970774193549
12,509.8596741935484
13,507.37533225806453
14,510.67273548387095
15,516.5480806451612
16,520.0842322580645
17,511.5406483870968
18,504.66836451612903
19,477.03580312500003
20,480.6605
21,475.80795161290325
22,469.43898709677416
23,461.0341258064516
