hour,B(t)
0,466.25664333333333
1,463.98286333333334
2,460.39884333333333
3,459.8820833333333
4,453.3341433333333
5,456.9215066666667
6,453.5675333333333
7,461.71576333333337
8,471.4076333333333
9,490.72803
10,511.07195666666667
11,519.73696
12,522.6775266666667
13,521.8307066666667
14,525.4480633333334
15,528.76537
16,530.83244
17,522.4508266666667
18,510.9652766666667
19,499.35303333333337
20,491.85159666666664
21,485.15696
22,477.30876666666666
23,469.99736666666666
