hour,B(t)
0,83.46335934065935
1,78.25466098901099
2,73.94503736263736
3,70.91368846153847
4,68.77151758241759
5,67.0590967032967
6,65.9292087912088
7,65.53792252747253
8,65.46098571428571
9,68.8627423076923
10,75.11779065934067
11,81.70807582417582
12,86.03857912087912
13,88.6863445054945
14,89.27546978021978
15,88.34671758241758
16,89.9206489010989
17,91.01316758241758
18,90.2295010989011
19,90.1789467032967
20,90.47899615384615
21,88.83912307692307
22,86.8838
23,87.29377142857142
