hour,B(t)
0,91.17716010928963
1,87.68322880434782
2,84.93704347826086
3,82.58550434782609
4,80.7829777173913
5,79.2315902173913
6,78.07810815217391
7,77.22685923913043
8,77.44103043478262
9,81.66684673913043
10,85.43279076086957
11,89.83364076086956
12,92.0634179347826
13,95.2803472826087
14,94.22470217391304
15,93.59088586956523
16,93.73439402173912
17,94.5671652173913
18,93.34735597826086
19,91.61330765027323
20,92.23200218579234
21,91.2613262295082
22,91.69419781420764
23,94.17773770491804
