hour,B(t)
0,111.17858571428572
1,109.14964285714287
2,107.8065142857143
3,105.40604285714286
4,104.23439999999998
5,103.74858571428572
6,101.2767
7,100.00502857142858
8,100.50510000000001
9,101.1338
10,100.96232857142857
11,102.7341
12,104.72021428571428
13,106.12045714285713
14,105.04884285714286
15,105.69181428571427
16,106.44911428571427
17,109.67831428571428
18,113.379
19,114.86501428571428
20,114.23632857142857
21,114.59354285714286
22,112.23595714285716
23,110.96425714285715
