hour,B(t)
0,4.250116504854369
1,3.968111650485437
2,3.855775490196079
3,3.68741359223301
4,3.790955339805825
5,3.628490291262136
6,3.5265660194174755
7,3.064480582524272
8,2.544817475728155
9,3.689026213592233
10,5.209061165048544
11,6.263860194174757
12,7.2533728155339805
13,8.619517475728156
14,9.503332038834952
15,9.75232427184466
16,9.697128155339806
17,9.445233009708739
18,9.265400961538463
19,8.66084
20,8.076811538461538
21,7.078925961538461
22,5.325294230769231
23,4.486959615384615
