hour,B(t)
0,45.82840404318572
1,45.93894623765715
2,45.9891995407
3,45.87864897277143
4,45.959050908257154
5,46.10980663065715
6,42.94402856828572
7,42.03952354098572
8,48.68262251218572
9,50.19014205562858
10,51.58710265768572
11,51.89864969087143
12,52.06950589714286
13,52.411209936228566
14,52.74286582674286
15,52.61221058821429
16,52.109706864885716
17,50.17003738502857
18,48.37107129227143
19,47.98917047217143
20,47.68767158755715
21,47.4163087752
22,47.17511971565715
23,46.58216172154287
