hour,B(t)
0,39.03190333712858
1,37.5521543643
2,37.61643320805714
3,36.68759910102857
4,37.39851817264286
5,39.29726656744286
6,39.7314303203
7,53.924590899671436
8,53.00756336721429
9,53.04566259721429
10,53.32053388811429
11,52.92569189000001
12,52.02851363770001
13,51.53801745191429
14,50.286583348271435
15,49.50287800044286
16,49.131866861357146
17,50.57262901772857
18,52.18868949938572
19,52.6081494615
20,53.93283875495715
21,54.338771397057144
22,50.85399392464286
23,40.073720501385715
