hour,B(t)
0,133.1824142857143
1,128.1333
2,128.35262857142857
3,125.18331428571427
4,127.60907142857143
5,134.08787142857142
6,135.5693
7,183.9983857142857
8,180.86935714285715
9,180.99935714285715
10,181.93725714285716
11,180.59
12,177.52870000000001
13,175.85505714285713
14,171.5849857142857
15,168.91087142857143
16,167.64492857142858
17,172.56101428571426
18,178.07524285714285
19,179.5065
20,184.02652857142857
21,185.41162857142857
22,173.5210714285714
23,136.73724285714286
