hour,B(t)
0,385.7887428571429
1,369.67134285714286
2,349.2102428571429
3,335.83622857142865
4,347.72422857142857
5,415.1658285714287
6,468.0903285714286
7,472.6626428571429
8,471.17664285714284
9,491.9806571428572
10,513.0132714285713
11,524.7869714285715
12,538.0466714285714
13,535.8748428571429
14,519.3002142857143
15,524.6726571428571
16,526.5015857142856
17,524.3297571428571
18,532.6742285714286
19,535.189
20,529.0163714285715
21,518.3857285714286
22,497.0102142857143
23,441.1136857142857
