hour,B(t)
0,354.69702857142863
1,344.06640000000004
2,342.809
3,331.72114285714287
4,341.4373
5,408.3073714285714
6,450.71555714285705
7,437.2272285714286
8,437.6844428571429
9,440.77077142857144
10,440.4278428571429
11,453.68754285714283
12,459.63154285714285
13,469.0047857142857
14,465.9184714285714
15,479.63541428571426
16,489.92311428571423
17,484.77927142857146
18,492.43787142857144
19,483.9791142857143
20,477.3492571428572
21,479.86404285714286
22,461.3461857142857
23,409.3361428571429
