hour,B(t)
0,18.638143406593407
1,18.15745
2,17.64597182320442
3,19.946075274725274
4,17.191253296703298
5,17.060799450549453
6,17.14331868131868
7,17.168973076923077
8,18.79757912087912
9,23.77951153846154
10,29.7368021978022
11,34.8026
12,36.77136318681319
13,38.0945510989011
14,38.17154725274725
15,37.77930054945055
16,36.375621978021975
17,33.12127857142857
18,29.5543521978022
19,26.065814285714282
20,23.56395659340659
21,21.558003846153845
22,20.4264010989011
23,19.34677142857143
