hour,B(t)
0,7.644761221728572
1,7.792171748
2,8.036718563857143
3,8.194168865242858
4,8.160670849942857
5,8.197522434828572
6,8.060164243857143
7,7.929521565514285
8,7.959670197957144
9,8.482270218428573
10,8.669873338985715
11,8.917782097885715
12,8.763676992628572
13,8.723480211614286
14,8.700026158157142
15,8.800532764242858
16,8.3817719858
17,8.857476459542857
18,8.150614327914285
19,7.705062673342858
20,7.209261902457143
21,7.202558950014286
22,7.222663620614286
23,7.2092619024571425
