hour,B(t)
0,86.24567258064516
1,81.19308548387097
2,76.28891451612903
3,72.76243225806452
4,70.69429193548386
5,68.79714032258065
6,67.70660967741935
7,68.05506935483872
8,67.57756129032258
9,70.50070322580645
10,76.22760806451613
11,81.74480806451614
12,86.53604838709677
13,89.86572741935484
14,91.84352741935484
15,90.90141612903227
16,93.71808064516128
17,93.12119838709677
18,91.50476129032258
19,92.88244677419354
20,94.17300645161289
21,92.21457419354839
22,89.78506774193549
23,90.0819
