hour,B(t)
0,84.05622666666666
1,77.85502
2,70.96036333333333
3,65.76602
4,64.15238666666667
5,63.21886
6,61.74524666666667
7,60.33831333333333
8,60.258296666666666
9,66.45283
10,70.69364666666667
11,74.66774666666667
12,78.90189333333333
13,83.73615666666666
14,81.18900666666667
15,80.78893
16,82.88267
17,79.72205666666667
18,81.68243000000001
19,82.22253666666667
20,83.34942333333333
21,83.32275
22,84.76302000000001
23,88.11034
