hour,B(t)
0,24.634442405426668
1,22.817048566420002
2,20.796424642463332
3,19.27411324742
4,18.801204112786667
5,18.527614519060002
6,18.09574118584667
7,17.683409826913337
8,17.65995926239667
9,19.47539734093
10,20.71825772224667
11,21.88295118334667
12,23.123856781093334
13,24.540639170456668
14,23.79414337280667
15,23.67689250403
16,24.29050697957
17,23.36422286935667
18,23.938751442530002
19,24.09704104343667
20,24.427298845723335
21,24.41948166525
22,24.84158303442
23,25.82258545414
