hour,B(t)
0,3.2036000000000007
1,3.2005857142857144
2,3.073714285714286
3,3.1291571428571427
4,2.9754285714285715
5,3.023
6,2.953842857142857
7,2.462757142857143
8,1.7266285714285714
9,1.9594000000000003
10,2.3690142857142855
11,2.9266
12,2.6718
13,2.414028571428571
14,2.3509142857142855
15,2.0208285714285714
16,2.1126857142857145
17,2.6203428571428575
18,3.1740285714285714
19,3.1203142857142856
20,2.9861428571428577
21,2.9681285714285717
22,2.882985714285714
23,2.917128571428571
